episodes,mean timesteps,mean reward,median reward,min reward,max reward,mc action
100,20.55,-0.98,-1.0,-1,1,2
200,22.46,-0.98,-1.0,-1,1,2
300,23.96,-0.98,-1.0,-1,1,2
400,24.62,-1.0,-1.0,-1,-1,2
500,24.7,-0.98,-1.0,-1,1,0
600,25.22,-0.96,-1.0,-1,1,1
700,25.62,-0.98,-1.0,-1,1,1
800,25.06,-0.98,-1.0,-1,1,1
900,24.84,-0.98,-1.0,-1,1,0
1000,25.78,-0.94,-1.0,-1,1,0
1100,26.19,-0.98,-1.0,-1,1,2
1200,27.0,-0.98,-1.0,-1,1,1
1300,27.98,-0.92,-1.0,-1,1,2
1400,29.77,-0.88,-1.0,-1,1,0
1500,32.06,-0.86,-1.0,-1,1,0
1600,34.61,-0.8,-1.0,-1,1,0
1700,39.0,-0.58,-1.0,-1,1,0
1800,46.06,-0.46,-1.0,-1,1,4
1900,52.79,-0.32,-1.0,-1,1,4
2000,58.77,-0.18,-1.0,-1,1,4
2100,64.17,-0.4,-1.0,-1,1,4
2200,69.04,-0.36,-1.0,-1,1,2
2300,74.11,-0.38,-1.0,-1,1,2
2400,79.78,-0.42,-1.0,-1,1,2
2500,83.93,-0.26,-1.0,-1,1,2
2600,87.54,-0.16,-1.0,-1,1,2
2700,91.36,-0.16,-1.0,-1,1,2
2800,94.95,-0.24,-1.0,-1,1,2
2900,97.86,-0.4,-1.0,-1,1,2
3000,100.66,-0.36,-1.0,-1,1,3
3100,103.37,-0.32,-1.0,-1,1,3
3200,105.49,-0.38,-1.0,-1,1,3
3300,107.6,-0.36,-1.0,-1,1,3
3400,109.35,-0.2,-1.0,-1,1,0
3500,111.51,-0.16,-1.0,-1,1,0
3600,113.54,-0.26,-1.0,-1,1,0
3700,114.73,-0.3,-1.0,-1,1,0
3800,116.21,-0.4,-1.0,-1,1,0
3900,117.66,-0.34,-1.0,-1,1,0
4000,118.87,-0.28,-1.0,-1,1,0
4100,120.57,-0.28,-1.0,-1,1,0
4200,121.97,-0.16,-1.0,-1,1,0
4300,123.47,-0.22,-1.0,-1,1,0
4400,124.13,-0.24,-1.0,-1,1,0
4500,125.74,-0.3,-1.0,-1,1,0
4600,127.01,-0.26,-1.0,-1,1,0
4700,128.59,-0.32,-1.0,-1,1,0
4800,129.62,-0.44,-1.0,-1,1,0
4900,131.02,-0.16,-1.0,-1,1,0
5000,132.06,-0.34,-1.0,-1,1,0
5100,132.88,-0.26,-1.0,-1,1,0
5200,133.85,-0.26,-1.0,-1,1,0
5300,134.75,-0.36,-1.0,-1,1,0
5400,135.59,-0.28,-1.0,-1,1,0
5500,136.69,-0.2,-1.0,-1,1,0
5600,137.75,-0.3,-1.0,-1,1,0
5700,138.9,-0.38,-1.0,-1,1,0
5800,139.59,-0.24,-1.0,-1,1,2
5900,140.49,-0.26,-1.0,-1,1,2
6000,141.22,-0.36,-1.0,-1,1,0
6100,142.13,-0.26,-1.0,-1,1,0
6200,142.58,-0.26,-1.0,-1,1,0
6300,143.53,-0.36,-1.0,-1,1,0
6400,144.37,-0.3,-1.0,-1,1,0
6500,144.99,-0.18,-1.0,-1,1,0
6600,146.09,-0.4,-1.0,-1,1,0
6700,147.01,-0.24,-1.0,-1,1,4
6800,147.89,-0.2,-1.0,-1,1,0
6900,148.3,-0.32,-1.0,-1,1,0
7000,148.79,-0.34,-1.0,-1,1,2
7100,149.36,-0.24,-1.0,-1,1,0
7200,149.64,-0.26,-1.0,-1,1,0
7300,150.13,-0.16,-1.0,-1,1,0
7400,150.39,-0.16,-1.0,-1,1,0
7500,150.92,-0.12,-1.0,-1,1,0
7600,151.22,-0.14,-1.0,-1,1,0
7700,151.91,-0.28,-1.0,-1,1,3
7800,152.35,-0.26,-1.0,-1,1,3
7900,152.86,-0.24,-1.0,-1,1,3
8000,153.28,-0.28,-1.0,-1,1,2
8100,153.7,-0.28,-1.0,-1,1,2
8200,154.15,-0.24,-1.0,-1,1,0
8300,154.72,-0.38,-1.0,-1,1,0
8400,155.25,-0.42,-1.0,-1,1,0
8500,155.71,-0.22,-1.0,-1,1,0
8600,155.93,-0.16,-1.0,-1,1,3
8700,156.11,-0.28,-1.0,-1,1,3
8800,156.5,-0.4,-1.0,-1,1,3
8900,156.86,-0.2,-1.0,-1,1,0
9000,157.31,-0.26,-1.0,-1,1,1
9100,157.79,-0.26,-1.0,-1,1,3
9200,158.21,-0.1,-1.0,-1,1,4
9300,158.47,-0.38,-1.0,-1,1,1
9400,158.73,-0.28,-1.0,-1,1,1
9500,159.1,-0.16,-1.0,-1,1,4
9600,159.39,-0.26,-1.0,-1,1,1
9700,159.8,-0.2,-1.0,-1,1,4
9800,160.06,-0.34,-1.0,-1,1,3
9900,160.28,-0.2,-1.0,-1,1,1
10000,160.5,-0.12,-1.0,-1,1,1
10100,160.81,-0.3,-1.0,-1,1,1
10200,161.22,-0.22,-1.0,-1,1,2
10300,161.43,-0.18,-1.0,-1,1,2
10400,161.44,-0.14,-1.0,-1,1,2
10500,161.74,-0.14,-1.0,-1,1,2
10600,162.12,-0.22,-1.0,-1,1,4
10700,162.41,-0.36,-1.0,-1,1,2
10800,162.65,-0.32,-1.0,-1,1,1
10900,162.89,-0.12,-1.0,-1,1,1
11000,163.15,-0.12,-1.0,-1,1,1
11100,163.41,-0.3,-1.0,-1,1,1
11200,163.69,-0.3,-1.0,-1,1,4
11300,164.11,-0.16,-1.0,-1,1,4
11400,164.42,-0.24,-1.0,-1,1,4
11500,164.91,-0.28,-1.0,-1,1,1
11600,165.01,-0.26,-1.0,-1,1,1
11700,165.12,-0.32,-1.0,-1,1,1
11800,165.36,-0.3,-1.0,-1,1,1
11900,165.56,-0.22,-1.0,-1,1,1
12000,165.66,-0.36,-1.0,-1,1,1
12100,165.8,-0.26,-1.0,-1,1,1
12200,165.9,-0.06,-1.0,-1,1,1
12300,166.11,-0.26,-1.0,-1,1,1
12400,166.16,-0.22,-1.0,-1,1,1
12500,166.41,-0.36,-1.0,-1,1,1
12600,166.47,-0.36,-1.0,-1,1,1
12700,166.6,-0.42,-1.0,-1,1,0
12800,166.82,-0.24,-1.0,-1,1,0
12900,167.15,-0.22,-1.0,-1,1,1
13000,167.28,-0.4,-1.0,-1,1,1
13100,167.25,-0.28,-1.0,-1,1,1
13200,167.39,-0.3,-1.0,-1,1,1
13300,167.52,-0.1,-1.0,-1,1,1
13400,167.67,-0.38,-1.0,-1,1,1
13500,167.83,-0.16,-1.0,-1,1,1
13600,168.08,-0.36,-1.0,-1,1,1
13700,168.27,-0.3,-1.0,-1,1,1
13800,168.41,-0.2,-1.0,-1,1,1
13900,168.48,-0.22,-1.0,-1,1,1
14000,168.57,-0.34,-1.0,-1,1,1
14100,168.72,-0.28,-1.0,-1,1,1
14200,168.9,-0.16,-1.0,-1,1,1
14300,168.96,-0.22,-1.0,-1,1,1
14400,169.21,-0.34,-1.0,-1,1,1
14500,169.39,-0.16,-1.0,-1,1,0
14600,169.62,-0.1,-1.0,-1,1,0
14700,169.7,-0.32,-1.0,-1,1,1
14800,169.81,-0.26,-1.0,-1,1,1
14900,169.84,-0.32,-1.0,-1,1,1
15000,169.84,-0.2,-1.0,-1,1,2
15100,169.9,-0.24,-1.0,-1,1,1
15200,170.04,-0.16,-1.0,-1,1,2
15300,170.14,-0.1,-1.0,-1,1,2
15400,170.27,-0.26,-1.0,-1,1,2
15500,170.4,-0.28,-1.0,-1,1,1
15600,170.56,-0.34,-1.0,-1,1,1
15700,170.61,-0.08,-1.0,-1,1,1
15800,170.72,-0.26,-1.0,-1,1,1
15900,170.84,-0.24,-1.0,-1,1,1
16000,171.01,-0.28,-1.0,-1,1,1
16100,171.2,-0.16,-1.0,-1,1,1
16200,171.35,-0.22,-1.0,-1,1,2
16300,171.31,-0.22,-1.0,-1,1,1
16400,171.4,-0.46,-1.0,-1,1,1
16500,171.42,-0.3,-1.0,-1,1,2
16600,171.4,-0.26,-1.0,-1,1,1
16700,171.59,-0.14,-1.0,-1,1,1
16800,171.56,-0.1,-1.0,-1,1,1
16900,171.58,-0.18,-1.0,-1,1,0
17000,171.69,-0.24,-1.0,-1,1,2
17100,171.86,-0.2,-1.0,-1,1,2
17200,171.98,0.0,0.0,-1,1,3
17300,172.05,-0.22,-1.0,-1,1,1
17400,172.12,-0.22,-1.0,-1,1,2
17500,172.22,-0.28,-1.0,-1,1,2
17600,172.33,-0.02,-1.0,-1,1,2
17700,172.48,-0.22,-1.0,-1,1,2
17800,172.48,-0.12,-1.0,-1,1,2
17900,172.55,-0.28,-1.0,-1,1,2
18000,172.73,-0.26,-1.0,-1,1,2
18100,172.85,-0.3,-1.0,-1,1,2
18200,172.91,-0.3,-1.0,-1,1,2
18300,172.99,-0.12,-1.0,-1,1,2
18400,173.07,-0.38,-1.0,-1,1,0
18500,173.27,-0.22,-1.0,-1,1,2
18600,173.4,-0.16,-1.0,-1,1,2
18700,173.6,-0.26,-1.0,-1,1,2
18800,173.63,-0.24,-1.0,-1,1,2
18900,173.75,-0.28,-1.0,-1,1,2
19000,173.89,-0.34,-1.0,-1,1,2
19100,173.94,-0.3,-1.0,-1,1,2
19200,174.12,-0.18,-1.0,-1,1,2
19300,174.13,-0.2,-1.0,-1,1,2
19400,174.22,-0.16,-1.0,-1,1,2
19500,174.24,-0.26,-1.0,-1,1,1
19600,174.29,-0.16,-1.0,-1,1,2
19700,174.4,-0.44,-1.0,-1,1,2
19800,174.56,-0.4,-1.0,-1,1,1
19900,174.74,-0.22,-1.0,-1,1,1
20000,174.87,-0.36,-1.0,-1,1,1
20100,174.9,-0.4,-1.0,-1,1,1
20200,174.89,-0.24,-1.0,-1,1,1
20300,175.0,-0.28,-1.0,-1,1,1
20400,175.13,-0.3,-1.0,-1,1,1
20500,175.17,-0.46,-1.0,-1,1,1
20600,175.17,-0.26,-1.0,-1,1,4
20700,175.22,-0.24,-1.0,-1,1,1
20800,175.19,-0.1,-1.0,-1,1,1
20900,175.17,-0.1,-1.0,-1,1,1
21000,175.21,-0.24,-1.0,-1,1,1
21100,175.25,-0.3,-1.0,-1,1,1
21200,175.25,-0.16,-1.0,-1,1,1
21300,175.39,-0.26,-1.0,-1,1,1
21400,175.39,-0.3,-1.0,-1,1,1
21500,175.49,-0.26,-1.0,-1,1,1
21600,175.6,-0.2,-1.0,-1,1,1
21700,175.62,-0.18,-1.0,-1,1,1
21800,175.66,-0.18,-1.0,-1,1,1
21900,175.68,-0.22,-1.0,-1,1,1
22000,175.74,-0.32,-1.0,-1,1,1
22100,175.74,-0.28,-1.0,-1,1,1
22200,175.8,-0.28,-1.0,-1,1,1
22300,175.87,-0.2,-1.0,-1,1,1
22400,176.03,-0.28,-1.0,-1,1,1
22500,176.18,-0.32,-1.0,-1,1,1
22600,176.25,-0.06,-1.0,-1,1,1
22700,176.42,-0.24,-1.0,-1,1,4
22800,176.5,-0.06,-1.0,-1,1,1
22900,176.55,0.0,0.0,-1,1,1
23000,176.53,-0.18,-1.0,-1,1,1
23100,176.54,-0.1,-1.0,-1,1,1
23200,176.59,-0.3,-1.0,-1,1,1
23300,176.8,-0.32,-1.0,-1,1,1
23400,176.94,-0.38,-1.0,-1,1,1
23500,176.99,-0.16,-1.0,-1,1,1
23600,176.99,-0.36,-1.0,-1,1,1
23700,177.08,-0.26,-1.0,-1,1,1
23800,177.19,-0.3,-1.0,-1,1,1
23900,177.19,-0.32,-1.0,-1,1,1
24000,177.24,-0.4,-1.0,-1,1,1
24100,177.3,-0.32,-1.0,-1,1,1
24200,177.34,-0.32,-1.0,-1,1,1
24300,177.42,-0.34,-1.0,-1,1,1
24400,177.48,-0.22,-1.0,-1,1,1
24500,177.52,-0.3,-1.0,-1,1,1
24600,177.53,-0.2,-1.0,-1,1,1
24700,177.55,-0.22,-1.0,-1,1,1
24800,177.51,-0.24,-1.0,-1,1,1
24900,177.55,-0.22,-1.0,-1,1,1
25000,177.72,-0.26,-1.0,-1,1,1
25100,177.78,-0.26,-1.0,-1,1,1
25200,177.77,-0.2,-1.0,-1,1,1
25300,177.76,-0.26,-1.0,-1,1,1
25400,177.8,-0.34,-1.0,-1,1,1
25500,177.89,-0.24,-1.0,-1,1,4
25600,177.89,-0.3,-1.0,-1,1,4
25700,177.95,-0.14,-1.0,-1,1,4
25800,177.98,-0.16,-1.0,-1,1,4
25900,177.97,-0.26,-1.0,-1,1,1
26000,177.99,-0.42,-1.0,-1,1,2
26100,178.05,-0.16,-1.0,-1,1,1
26200,178.01,-0.3,-1.0,-1,1,1
26300,178.02,-0.36,-1.0,-1,1,1
26400,178.08,-0.24,-1.0,-1,1,1
26500,178.1,-0.08,-1.0,-1,1,1
26600,178.11,-0.28,-1.0,-1,1,1
26700,178.16,-0.36,-1.0,-1,1,1
26800,178.25,0.02,1.0,-1,1,1
26900,178.22,-0.28,-1.0,-1,1,1
27000,178.26,-0.22,-1.0,-1,1,1
27100,178.35,-0.36,-1.0,-1,1,1
27200,178.29,-0.28,-1.0,-1,1,4
27300,178.26,-0.08,-1.0,-1,1,2
27400,178.26,-0.1,-1.0,-1,1,2
27500,178.26,-0.28,-1.0,-1,1,1
27600,178.25,-0.28,-1.0,-1,1,1
27700,178.34,-0.28,-1.0,-1,1,1
27800,178.29,-0.28,-1.0,-1,1,1
27900,178.32,-0.14,-1.0,-1,1,1
28000,178.39,-0.16,-1.0,-1,1,1
28100,178.42,-0.2,-1.0,-1,1,1
28200,178.46,-0.36,-1.0,-1,1,1
28300,178.53,-0.3,-1.0,-1,1,1
28400,178.54,-0.12,-1.0,-1,1,1
28500,178.54,-0.34,-1.0,-1,1,0
28600,178.52,-0.28,-1.0,-1,1,0
28700,178.53,-0.38,-1.0,-1,1,1
28800,178.59,-0.36,-1.0,-1,1,1
28900,178.6,-0.06,-1.0,-1,1,3
29000,178.61,-0.22,-1.0,-1,1,3
29100,178.74,-0.38,-1.0,-1,1,3
29200,178.85,-0.3,-1.0,-1,1,4
29300,178.89,-0.48,-1.0,-1,1,4
29400,178.99,-0.32,-1.0,-1,1,4
29500,179.02,-0.18,-1.0,-1,1,0
29600,179.08,-0.3,-1.0,-1,1,0
29700,179.11,-0.28,-1.0,-1,1,0
29800,179.13,-0.14,-1.0,-1,1,4
29900,179.17,-0.1,-1.0,-1,1,1
30000,179.16,-0.2,-1.0,-1,1,1
30100,179.16,-0.04,-1.0,-1,1,1
30200,179.24,-0.12,-1.0,-1,1,1
30300,179.29,-0.18,-1.0,-1,1,0
30400,179.32,-0.18,-1.0,-1,1,1
30500,179.34,-0.22,-1.0,-1,1,1
30600,179.4,-0.2,-1.0,-1,1,1
30700,179.42,-0.42,-1.0,-1,1,1
30800,179.38,-0.26,-1.0,-1,1,4
30900,179.37,-0.08,-1.0,-1,1,4
31000,179.42,-0.28,-1.0,-1,1,4
31100,179.47,-0.16,-1.0,-1,1,1
31200,179.47,-0.18,-1.0,-1,1,1
31300,179.54,-0.24,-1.0,-1,1,1
31400,179.57,-0.4,-1.0,-1,1,1
31500,179.58,-0.34,-1.0,-1,1,1
31600,179.58,-0.22,-1.0,-1,1,1
31700,179.52,0.0,0.0,-1,1,3
31800,179.56,-0.24,-1.0,-1,1,3
31900,179.56,-0.38,-1.0,-1,1,1
32000,179.58,-0.12,-1.0,-1,1,1
32100,179.59,-0.12,-1.0,-1,1,1
32200,179.63,-0.26,-1.0,-1,1,1
32300,179.65,-0.12,-1.0,-1,1,1
32400,179.7,-0.18,-1.0,-1,1,1
32500,179.72,-0.3,-1.0,-1,1,1
32600,179.76,-0.18,-1.0,-1,1,1
32700,179.86,-0.3,-1.0,-1,1,1
32800,179.91,-0.36,-1.0,-1,1,0
32900,179.95,-0.14,-1.0,-1,1,0
33000,180.0,-0.12,-1.0,-1,1,0
33100,180.01,-0.08,-1.0,-1,1,4
33200,180.07,-0.34,-1.0,-1,1,0
33300,180.1,-0.28,-1.0,-1,1,0
33400,180.12,-0.22,-1.0,-1,1,0
33500,180.12,-0.22,-1.0,-1,1,1
33600,180.09,-0.3,-1.0,-1,1,1
33700,180.05,-0.3,-1.0,-1,1,3
33800,180.02,-0.36,-1.0,-1,1,1
33900,179.95,-0.32,-1.0,-1,1,1
34000,179.85,-0.32,-1.0,-1,1,1
34100,179.78,-0.24,-1.0,-1,1,1
34200,179.73,-0.42,-1.0,-1,1,1
34300,179.7,-0.34,-1.0,-1,1,1
34400,179.69,-0.24,-1.0,-1,1,4
34500,179.7,-0.22,-1.0,-1,1,4
34600,179.71,-0.28,-1.0,-1,1,4
34700,179.72,-0.24,-1.0,-1,1,4
34800,179.7,-0.36,-1.0,-1,1,4
34900,179.65,-0.22,-1.0,-1,1,4
35000,179.65,-0.42,-1.0,-1,1,2
35100,179.62,-0.3,-1.0,-1,1,2
35200,179.63,-0.26,-1.0,-1,1,2
35300,179.6,-0.26,-1.0,-1,1,2
35400,179.58,-0.34,-1.0,-1,1,1
35500,179.58,-0.4,-1.0,-1,1,1
35600,179.51,-0.18,-1.0,-1,1,2
35700,179.41,-0.28,-1.0,-1,1,2
35800,179.35,-0.54,-1.0,-1,1,2
35900,179.24,-0.46,-1.0,-1,1,4
36000,179.11,-0.68,-1.0,-1,1,4
36100,178.92,-0.62,-1.0,-1,1,4
36200,178.7,-0.54,-1.0,-1,1,4
36300,178.52,-0.64,-1.0,-1,1,4
36400,178.31,-0.7,-1.0,-1,1,4
36500,177.99,-0.9,-1.0,-1,1,4
36600,177.64,-0.82,-1.0,-1,1,4
36700,177.25,-1.0,-1.0,-1,-1,4
36800,176.83,-0.98,-1.0,-1,1,5
36900,176.41,-1.0,-1.0,-1,-1,5
37000,176.0,-0.94,-1.0,-1,1,5
37100,175.58,-0.98,-1.0,-1,1,5
37200,175.17,-1.0,-1.0,-1,-1,5
37300,174.76,-1.0,-1.0,-1,-1,5
37400,174.34,-1.0,-1.0,-1,-1,5
37500,173.92,-0.98,-1.0,-1,1,5
37600,173.51,-1.0,-1.0,-1,-1,5
37700,173.1,-1.0,-1.0,-1,-1,5
37800,172.68,-0.98,-1.0,-1,1,5
37900,172.28,-1.0,-1.0,-1,-1,5
38000,171.88,-0.98,-1.0,-1,1,5
38100,171.47,-1.0,-1.0,-1,-1,5
38200,171.06,-1.0,-1.0,-1,-1,5
38300,170.66,-0.98,-1.0,-1,1,5
38400,170.27,-1.0,-1.0,-1,-1,5
38500,169.88,-1.0,-1.0,-1,-1,5
38600,169.48,-1.0,-1.0,-1,-1,5
38700,169.09,-1.0,-1.0,-1,-1,5
38800,168.7,-1.0,-1.0,-1,-1,5
38900,168.31,-0.96,-1.0,-1,1,5
39000,167.91,-0.98,-1.0,-1,1,5
39100,167.53,-0.98,-1.0,-1,1,5
39200,167.14,-1.0,-1.0,-1,-1,5
39300,166.75,-1.0,-1.0,-1,-1,5
39400,166.37,-0.98,-1.0,-1,1,5
39500,165.99,-1.0,-1.0,-1,-1,5
39600,165.62,-0.98,-1.0,-1,1,5
39700,165.25,-0.96,-1.0,-1,1,5
39800,164.87,-1.0,-1.0,-1,-1,5
39900,164.5,-1.0,-1.0,-1,-1,5
40000,164.14,-1.0,-1.0,-1,-1,5
40100,163.78,-0.98,-1.0,-1,1,5
40200,163.41,-1.0,-1.0,-1,-1,5
40300,163.05,-1.0,-1.0,-1,-1,5
40400,162.69,-1.0,-1.0,-1,-1,5
40500,162.34,-1.0,-1.0,-1,-1,5
40600,161.98,-1.0,-1.0,-1,-1,5
40700,161.63,-1.0,-1.0,-1,-1,5
40800,161.27,-1.0,-1.0,-1,-1,5
40900,160.93,-0.98,-1.0,-1,1,3
41000,160.58,-0.98,-1.0,-1,1,5
41100,160.24,-1.0,-1.0,-1,-1,5
41200,159.89,-1.0,-1.0,-1,-1,5
41300,159.56,-1.0,-1.0,-1,-1,5
41400,159.22,-1.0,-1.0,-1,-1,4
41500,158.87,-0.98,-1.0,-1,1,5
41600,158.54,-0.96,-1.0,-1,1,5
41700,158.19,-1.0,-1.0,-1,-1,5
41800,157.86,-1.0,-1.0,-1,-1,5
41900,157.52,-0.96,-1.0,-1,1,5
42000,157.19,-1.0,-1.0,-1,-1,5
42100,156.86,-1.0,-1.0,-1,-1,5
42200,156.53,-1.0,-1.0,-1,-1,5
42300,156.21,-1.0,-1.0,-1,-1,5
42400,155.88,-0.98,-1.0,-1,1,5
42500,155.56,-0.98,-1.0,-1,1,5
42600,155.23,-1.0,-1.0,-1,-1,5
42700,154.92,-1.0,-1.0,-1,-1,5
42800,154.6,-0.98,-1.0,-1,1,5
42900,154.28,-1.0,-1.0,-1,-1,5
43000,153.97,-1.0,-1.0,-1,-1,5
43100,153.65,-1.0,-1.0,-1,-1,5
43200,153.34,-1.0,-1.0,-1,-1,5
43300,153.02,-1.0,-1.0,-1,-1,5
43400,152.71,-1.0,-1.0,-1,-1,5
43500,152.4,-0.98,-1.0,-1,1,5
43600,152.09,-1.0,-1.0,-1,-1,5
43700,151.79,-0.98,-1.0,-1,1,5
43800,151.48,-1.0,-1.0,-1,-1,5
43900,151.18,-1.0,-1.0,-1,-1,5
44000,150.87,-0.98,-1.0,-1,1,5
44100,150.57,-1.0,-1.0,-1,-1,5
44200,150.28,-1.0,-1.0,-1,-1,5
44300,149.98,-1.0,-1.0,-1,-1,5
44400,149.68,-1.0,-1.0,-1,-1,5
44500,149.38,-1.0,-1.0,-1,-1,5
44600,149.08,-1.0,-1.0,-1,-1,5
44700,148.79,-0.98,-1.0,-1,1,5
44800,148.5,-1.0,-1.0,-1,-1,5
44900,148.2,-1.0,-1.0,-1,-1,5
45000,147.91,-0.98,-1.0,-1,1,5
45100,147.62,-1.0,-1.0,-1,-1,5
45200,147.33,-1.0,-1.0,-1,-1,5
45300,147.04,-0.98,-1.0,-1,1,5
45400,146.75,-0.98,-1.0,-1,1,5
45500,146.46,-1.0,-1.0,-1,-1,5
45600,146.17,-1.0,-1.0,-1,-1,5
45700,145.89,-1.0,-1.0,-1,-1,5
45800,145.6,-1.0,-1.0,-1,-1,5
45900,145.32,-1.0,-1.0,-1,-1,5
46000,145.03,-1.0,-1.0,-1,-1,5
46100,144.76,-1.0,-1.0,-1,-1,5
46200,144.48,-0.98,-1.0,-1,1,5
46300,144.21,-1.0,-1.0,-1,-1,5
46400,143.94,-1.0,-1.0,-1,-1,5
46500,143.66,-0.98,-1.0,-1,1,5
46600,143.39,-1.0,-1.0,-1,-1,5
46700,143.12,-1.0,-1.0,-1,-1,5
46800,142.86,-1.0,-1.0,-1,-1,1
46900,142.59,-1.0,-1.0,-1,-1,5
47000,142.32,-1.0,-1.0,-1,-1,5
47100,142.06,-0.96,-1.0,-1,1,5
47200,141.8,-1.0,-1.0,-1,-1,1
47300,141.54,-1.0,-1.0,-1,-1,5
47400,141.27,-0.98,-1.0,-1,1,5
47500,141.01,-0.98,-1.0,-1,1,5
47600,140.75,-1.0,-1.0,-1,-1,5
47700,140.5,-0.98,-1.0,-1,1,3
47800,140.24,-0.98,-1.0,-1,1,5
47900,139.98,-1.0,-1.0,-1,-1,5
48000,139.73,-0.98,-1.0,-1,1,5
48100,139.48,-0.98,-1.0,-1,1,0
48200,139.23,-1.0,-1.0,-1,-1,5
48300,138.98,-1.0,-1.0,-1,-1,5
48400,138.73,-1.0,-1.0,-1,-1,5
48500,138.48,-0.98,-1.0,-1,1,5
48600,138.23,-0.98,-1.0,-1,1,5
48700,137.99,-1.0,-1.0,-1,-1,5
48800,137.74,-1.0,-1.0,-1,-1,5
48900,137.5,-1.0,-1.0,-1,-1,4
49000,137.25,-1.0,-1.0,-1,-1,5
49100,137.02,-0.96,-1.0,-1,1,5
49200,136.78,-0.96,-1.0,-1,1,5
49300,136.54,-1.0,-1.0,-1,-1,5
49400,136.31,-0.96,-1.0,-1,1,5
49500,136.08,-1.0,-1.0,-1,-1,5
49600,135.84,-1.0,-1.0,-1,-1,5
49700,135.61,-1.0,-1.0,-1,-1,5
49800,135.38,-0.98,-1.0,-1,1,2
49900,135.14,-1.0,-1.0,-1,-1,5
50000,134.91,-1.0,-1.0,-1,-1,5
50100,134.68,-1.0,-1.0,-1,-1,5
50200,134.45,-1.0,-1.0,-1,-1,3
50300,134.22,-1.0,-1.0,-1,-1,5
50400,133.99,-1.0,-1.0,-1,-1,5
50500,133.76,-1.0,-1.0,-1,-1,5
50600,133.53,-1.0,-1.0,-1,-1,5
50700,133.3,-1.0,-1.0,-1,-1,5
50800,133.08,-0.96,-1.0,-1,1,5
50900,132.85,-1.0,-1.0,-1,-1,5
51000,132.63,-1.0,-1.0,-1,-1,5
51100,132.4,-0.96,-1.0,-1,1,5
51200,132.18,-1.0,-1.0,-1,-1,5
51300,131.96,-0.96,-1.0,-1,1,5
51400,131.74,-1.0,-1.0,-1,-1,5
51500,131.52,-1.0,-1.0,-1,-1,5
51600,131.3,-0.98,-1.0,-1,1,5
51700,131.08,-1.0,-1.0,-1,-1,5
51800,130.87,-0.98,-1.0,-1,1,5
51900,130.65,-1.0,-1.0,-1,-1,5
52000,130.44,-1.0,-1.0,-1,-1,5
52100,130.22,-0.98,-1.0,-1,1,5
52200,130.01,-1.0,-1.0,-1,-1,1
52300,129.8,-1.0,-1.0,-1,-1,4
52400,129.6,-0.96,-1.0,-1,1,0
52500,129.41,-1.0,-1.0,-1,-1,0
52600,129.2,-0.98,-1.0,-1,1,5
52700,129.0,-0.98,-1.0,-1,1,0
52800,128.79,-1.0,-1.0,-1,-1,5
52900,128.58,-1.0,-1.0,-1,-1,5
53000,128.37,-1.0,-1.0,-1,-1,5
53100,128.17,-1.0,-1.0,-1,-1,5
53200,127.96,-1.0,-1.0,-1,-1,5
53300,127.76,-0.98,-1.0,-1,1,5
53400,127.56,-1.0,-1.0,-1,-1,1
53500,127.36,-1.0,-1.0,-1,-1,1
53600,127.16,-1.0,-1.0,-1,-1,5
53700,126.96,-0.98,-1.0,-1,1,5
53800,126.76,-0.96,-1.0,-1,1,5
53900,126.56,-1.0,-1.0,-1,-1,5
54000,126.37,-1.0,-1.0,-1,-1,5
54100,126.17,-1.0,-1.0,-1,-1,5
54200,125.97,-1.0,-1.0,-1,-1,5
54300,125.78,-0.96,-1.0,-1,1,5
54400,125.58,-1.0,-1.0,-1,-1,5
54500,125.39,-0.98,-1.0,-1,1,5
54600,125.19,-1.0,-1.0,-1,-1,5
54700,125.0,-1.0,-1.0,-1,-1,5
54800,124.8,-0.98,-1.0,-1,1,5
54900,124.62,-1.0,-1.0,-1,-1,4
55000,124.44,-0.98,-1.0,-1,1,5
55100,124.25,-1.0,-1.0,-1,-1,5
55200,124.05,-1.0,-1.0,-1,-1,5
55300,123.86,-1.0,-1.0,-1,-1,5
55400,123.67,-1.0,-1.0,-1,-1,5
55500,123.48,-1.0,-1.0,-1,-1,0
55600,123.29,-1.0,-1.0,-1,-1,5
55700,123.1,-1.0,-1.0,-1,-1,5
55800,122.91,-1.0,-1.0,-1,-1,5
55900,122.73,-0.98,-1.0,-1,1,5
56000,122.54,-1.0,-1.0,-1,-1,5
56100,122.35,-1.0,-1.0,-1,-1,5
56200,122.16,-1.0,-1.0,-1,-1,5
56300,121.97,-1.0,-1.0,-1,-1,5
56400,121.79,-1.0,-1.0,-1,-1,5
56500,121.61,-1.0,-1.0,-1,-1,5
56600,121.43,-1.0,-1.0,-1,-1,5
56700,121.25,-0.98,-1.0,-1,1,5
56800,121.08,-1.0,-1.0,-1,-1,5
56900,120.9,-1.0,-1.0,-1,-1,5
57000,120.72,-0.96,-1.0,-1,1,5
57100,120.55,-0.98,-1.0,-1,1,5
57200,120.37,-1.0,-1.0,-1,-1,5
57300,120.19,-1.0,-1.0,-1,-1,5
57400,120.01,-0.98,-1.0,-1,1,5
57500,119.84,-0.98,-1.0,-1,1,1
57600,119.66,-0.98,-1.0,-1,1,5
57700,119.49,-1.0,-1.0,-1,-1,3
57800,119.31,-0.98,-1.0,-1,1,5
57900,119.14,-1.0,-1.0,-1,-1,5
58000,118.97,-1.0,-1.0,-1,-1,5
58100,118.79,-0.96,-1.0,-1,1,5
58200,118.62,-0.96,-1.0,-1,1,5
58300,118.45,-1.0,-1.0,-1,-1,5
58400,118.28,-0.98,-1.0,-1,1,5
58500,118.11,-0.98,-1.0,-1,1,5
58600,117.94,-1.0,-1.0,-1,-1,3
58700,117.77,-1.0,-1.0,-1,-1,5
58800,117.6,-0.98,-1.0,-1,1,5
58900,117.44,-1.0,-1.0,-1,-1,1
59000,117.28,-1.0,-1.0,-1,-1,1
59100,117.12,-1.0,-1.0,-1,-1,1
59200,116.96,-1.0,-1.0,-1,-1,3
59300,116.8,-1.0,-1.0,-1,-1,3
59400,116.66,-0.98,-1.0,-1,1,4
59500,116.51,-1.0,-1.0,-1,-1,3
59600,116.35,-1.0,-1.0,-1,-1,3
59700,116.2,-0.98,-1.0,-1,1,3
59800,116.04,-0.98,-1.0,-1,1,5
59900,115.88,-1.0,-1.0,-1,-1,5
60000,115.72,-0.98,-1.0,-1,1,5
60100,115.56,-1.0,-1.0,-1,-1,5
60200,115.4,-0.98,-1.0,-1,1,5
60300,115.24,-1.0,-1.0,-1,-1,5
60400,115.08,-0.98,-1.0,-1,1,5
60500,114.93,-1.0,-1.0,-1,-1,5
60600,114.77,-1.0,-1.0,-1,-1,5
60700,114.62,-1.0,-1.0,-1,-1,5
60800,114.46,-0.98,-1.0,-1,1,5
60900,114.31,-0.96,-1.0,-1,1,0
61000,114.15,-0.98,-1.0,-1,1,5
61100,113.99,-1.0,-1.0,-1,-1,5
61200,113.84,-0.98,-1.0,-1,1,5
61300,113.7,-0.98,-1.0,-1,1,2
61400,113.55,-0.98,-1.0,-1,1,0
61500,113.41,-0.96,-1.0,-1,1,2
61600,113.25,-0.98,-1.0,-1,1,0
61700,113.1,-0.98,-1.0,-1,1,5
61800,112.95,-0.98,-1.0,-1,1,5
61900,112.8,-1.0,-1.0,-1,-1,5
62000,112.65,-0.98,-1.0,-1,1,5
62100,112.5,-0.98,-1.0,-1,1,5
62200,112.35,-1.0,-1.0,-1,-1,5
62300,112.2,-1.0,-1.0,-1,-1,5
62400,112.06,-1.0,-1.0,-1,-1,1
62500,111.92,-0.98,-1.0,-1,1,3
62600,111.77,-1.0,-1.0,-1,-1,5
62700,111.62,-0.98,-1.0,-1,1,3
62800,111.47,-1.0,-1.0,-1,-1,5
62900,111.33,-0.96,-1.0,-1,1,5
63000,111.19,-1.0,-1.0,-1,-1,5
63100,111.04,-1.0,-1.0,-1,-1,5
63200,110.9,-0.98,-1.0,-1,1,5
63300,110.76,-0.98,-1.0,-1,1,5
63400,110.61,-0.98,-1.0,-1,1,5
63500,110.47,-0.98,-1.0,-1,1,5
63600,110.33,-1.0,-1.0,-1,-1,5
63700,110.19,-1.0,-1.0,-1,-1,5
63800,110.04,-1.0,-1.0,-1,-1,5
63900,109.91,-1.0,-1.0,-1,-1,0
64000,109.77,-1.0,-1.0,-1,-1,3
64100,109.64,-1.0,-1.0,-1,-1,0
64200,109.5,-1.0,-1.0,-1,-1,5
64300,109.36,-1.0,-1.0,-1,-1,5
64400,109.23,-0.98,-1.0,-1,1,3
64500,109.09,-1.0,-1.0,-1,-1,3
64600,108.96,-0.92,-1.0,-1,1,5
64700,108.82,-1.0,-1.0,-1,-1,5
64800,108.68,-0.98,-1.0,-1,1,5
64900,108.55,-1.0,-1.0,-1,-1,5
65000,108.41,-1.0,-1.0,-1,-1,5
65100,108.28,-1.0,-1.0,-1,-1,5
65200,108.14,-1.0,-1.0,-1,-1,5
65300,108.0,-0.98,-1.0,-1,1,5
65400,107.87,-1.0,-1.0,-1,-1,5
65500,107.73,-1.0,-1.0,-1,-1,5
65600,107.6,-1.0,-1.0,-1,-1,5
65700,107.47,-1.0,-1.0,-1,-1,5
65800,107.34,-0.98,-1.0,-1,1,5
65900,107.21,-1.0,-1.0,-1,-1,5
66000,107.08,-0.98,-1.0,-1,1,5
66100,106.95,-1.0,-1.0,-1,-1,5
66200,106.81,-1.0,-1.0,-1,-1,5
66300,106.68,-1.0,-1.0,-1,-1,5
66400,106.55,-0.98,-1.0,-1,1,5
66500,106.41,-0.98,-1.0,-1,1,5
66600,106.28,-1.0,-1.0,-1,-1,5
66700,106.15,-0.96,-1.0,-1,1,5
66800,106.03,-1.0,-1.0,-1,-1,5
66900,105.9,-0.98,-1.0,-1,1,5
67000,105.77,-0.96,-1.0,-1,1,5
67100,105.64,-1.0,-1.0,-1,-1,5
67200,105.52,-0.98,-1.0,-1,1,5
67300,105.39,-1.0,-1.0,-1,-1,5
67400,105.27,-0.98,-1.0,-1,1,5
67500,105.14,-1.0,-1.0,-1,-1,5
67600,105.01,-1.0,-1.0,-1,-1,5
67700,104.89,-1.0,-1.0,-1,-1,5
67800,104.76,-0.98,-1.0,-1,1,5
67900,104.64,-1.0,-1.0,-1,-1,3
68000,104.52,-1.0,-1.0,-1,-1,1
68100,104.4,-1.0,-1.0,-1,-1,3
68200,104.27,-0.98,-1.0,-1,1,3
68300,104.16,-1.0,-1.0,-1,-1,5
68400,104.03,-1.0,-1.0,-1,-1,5
68500,103.9,-1.0,-1.0,-1,-1,5
68600,103.78,-1.0,-1.0,-1,-1,5
68700,103.66,-1.0,-1.0,-1,-1,5
68800,103.53,-0.98,-1.0,-1,1,5
68900,103.41,-0.98,-1.0,-1,1,5
69000,103.29,-1.0,-1.0,-1,-1,5
69100,103.17,-0.98,-1.0,-1,1,5
69200,103.05,-1.0,-1.0,-1,-1,1
69300,102.93,-1.0,-1.0,-1,-1,1
69400,102.81,-1.0,-1.0,-1,-1,1
69500,102.69,-1.0,-1.0,-1,-1,1
69600,102.57,-1.0,-1.0,-1,-1,5
69700,102.45,-0.98,-1.0,-1,1,5
69800,102.33,-1.0,-1.0,-1,-1,5
69900,102.21,-1.0,-1.0,-1,-1,5
70000,102.09,-0.98,-1.0,-1,1,5
70100,101.97,-1.0,-1.0,-1,-1,5
70200,101.85,-0.98,-1.0,-1,1,5
70300,101.73,-0.98,-1.0,-1,1,5
70400,101.61,-1.0,-1.0,-1,-1,0
70500,101.5,-1.0,-1.0,-1,-1,5
70600,101.38,-0.98,-1.0,-1,1,5
70700,101.27,-0.98,-1.0,-1,1,5
70800,101.16,-1.0,-1.0,-1,-1,4
70900,101.04,-0.98,-1.0,-1,1,5
71000,100.92,-0.98,-1.0,-1,1,5
71100,100.81,-0.98,-1.0,-1,1,5
71200,100.69,-1.0,-1.0,-1,-1,5
71300,100.58,-1.0,-1.0,-1,-1,5
71400,100.46,-0.98,-1.0,-1,1,5
71500,100.35,-1.0,-1.0,-1,-1,5
71600,100.23,-0.98,-1.0,-1,1,5
71700,100.13,-1.0,-1.0,-1,-1,5
71800,100.02,-1.0,-1.0,-1,-1,0
71900,99.91,-1.0,-1.0,-1,-1,0
72000,99.79,-1.0,-1.0,-1,-1,5
72100,99.69,-0.96,-1.0,-1,1,1
72200,99.58,-0.98,-1.0,-1,1,1
72300,99.49,-0.98,-1.0,-1,1,3
72400,99.38,-1.0,-1.0,-1,-1,4
72500,99.28,-0.98,-1.0,-1,1,3
72600,99.17,-1.0,-1.0,-1,-1,5
72700,99.06,-0.98,-1.0,-1,1,5
72800,98.95,-1.0,-1.0,-1,-1,5
72900,98.84,-0.98,-1.0,-1,1,5
73000,98.73,-0.96,-1.0,-1,1,5
73100,98.63,-1.0,-1.0,-1,-1,5
73200,98.52,-1.0,-1.0,-1,-1,5
73300,98.41,-0.96,-1.0,-1,1,5
73400,98.31,-1.0,-1.0,-1,-1,5
73500,98.2,-0.98,-1.0,-1,1,5
73600,98.1,-1.0,-1.0,-1,-1,0
73700,98.0,-1.0,-1.0,-1,-1,0
73800,97.89,-1.0,-1.0,-1,-1,5
73900,97.79,-1.0,-1.0,-1,-1,5
74000,97.69,-1.0,-1.0,-1,-1,5
74100,97.58,-1.0,-1.0,-1,-1,3
74200,97.48,-0.96,-1.0,-1,1,0
74300,97.38,-0.98,-1.0,-1,1,0
74400,97.28,-1.0,-1.0,-1,-1,2
74500,97.18,-0.96,-1.0,-1,1,2
74600,97.08,-1.0,-1.0,-1,-1,0
74700,96.99,-0.98,-1.0,-1,1,0
74800,96.89,-1.0,-1.0,-1,-1,3
74900,96.8,-1.0,-1.0,-1,-1,3
75000,96.7,-1.0,-1.0,-1,-1,5
75100,96.59,-1.0,-1.0,-1,-1,5
75200,96.49,-0.98,-1.0,-1,1,5
75300,96.39,-1.0,-1.0,-1,-1,1
75400,96.29,-1.0,-1.0,-1,-1,4
75500,96.19,-1.0,-1.0,-1,-1,4
75600,96.09,-0.98,-1.0,-1,1,2
75700,95.99,-1.0,-1.0,-1,-1,5
75800,95.89,-1.0,-1.0,-1,-1,5
75900,95.79,-0.96,-1.0,-1,1,2
76000,95.7,-1.0,-1.0,-1,-1,3
76100,95.6,-0.98,-1.0,-1,1,1
76200,95.5,-1.0,-1.0,-1,-1,2
76300,95.4,-1.0,-1.0,-1,-1,5
76400,95.31,-1.0,-1.0,-1,-1,5
76500,95.21,-0.98,-1.0,-1,1,5
76600,95.12,-0.98,-1.0,-1,1,5
76700,95.02,-0.98,-1.0,-1,1,2
76800,94.92,-0.98,-1.0,-1,1,0
76900,94.83,-0.98,-1.0,-1,1,5
77000,94.73,-0.98,-1.0,-1,1,5
77100,94.63,-1.0,-1.0,-1,-1,5
77200,94.53,-1.0,-1.0,-1,-1,0
77300,94.43,-1.0,-1.0,-1,-1,5
77400,94.34,-1.0,-1.0,-1,-1,5
77500,94.24,-1.0,-1.0,-1,-1,5
77600,94.14,-1.0,-1.0,-1,-1,2
77700,94.05,-0.98,-1.0,-1,1,0
77800,93.96,-0.98,-1.0,-1,1,5
77900,93.86,-1.0,-1.0,-1,-1,5
78000,93.77,-0.96,-1.0,-1,1,2
78100,93.68,-0.98,-1.0,-1,1,5
78200,93.58,-0.98,-1.0,-1,1,5
78300,93.49,-0.98,-1.0,-1,1,5
78400,93.4,-0.98,-1.0,-1,1,5
78500,93.31,-0.98,-1.0,-1,1,5
78600,93.22,-0.96,-1.0,-1,1,0
78700,93.13,-1.0,-1.0,-1,-1,5
78800,93.04,-1.0,-1.0,-1,-1,1
78900,92.94,-0.98,-1.0,-1,1,5
79000,92.85,-1.0,-1.0,-1,-1,5
79100,92.76,-0.98,-1.0,-1,1,5
79200,92.67,-0.98,-1.0,-1,1,5
79300,92.58,-0.98,-1.0,-1,1,5
79400,92.49,-0.98,-1.0,-1,1,4
79500,92.4,-0.96,-1.0,-1,1,0
79600,92.31,-0.96,-1.0,-1,1,5
79700,92.22,-0.98,-1.0,-1,1,5
79800,92.13,-1.0,-1.0,-1,-1,5
79900,92.04,-1.0,-1.0,-1,-1,5
80000,91.95,-0.98,-1.0,-1,1,5
80100,91.86,-1.0,-1.0,-1,-1,5
80200,91.77,-1.0,-1.0,-1,-1,5
80300,91.68,-1.0,-1.0,-1,-1,5
80400,91.6,-1.0,-1.0,-1,-1,5
80500,91.51,-1.0,-1.0,-1,-1,5
80600,91.42,-0.96,-1.0,-1,1,5
80700,91.33,-0.98,-1.0,-1,1,5
80800,91.25,-0.98,-1.0,-1,1,5
80900,91.16,-0.98,-1.0,-1,1,5
81000,91.07,-0.98,-1.0,-1,1,5
81100,90.98,-1.0,-1.0,-1,-1,5
81200,90.9,-0.98,-1.0,-1,1,5
81300,90.81,-0.98,-1.0,-1,1,5
81400,90.72,-1.0,-1.0,-1,-1,5
81500,90.64,-1.0,-1.0,-1,-1,5
81600,90.56,-1.0,-1.0,-1,-1,0
81700,90.47,-0.98,-1.0,-1,1,5
81800,90.39,-0.96,-1.0,-1,1,1
81900,90.3,-1.0,-1.0,-1,-1,1
82000,90.22,-0.96,-1.0,-1,1,0
82100,90.14,-1.0,-1.0,-1,-1,2
82200,90.06,-0.98,-1.0,-1,1,3
82300,89.98,-1.0,-1.0,-1,-1,5
82400,89.9,-0.98,-1.0,-1,1,5
82500,89.81,-0.96,-1.0,-1,1,5
82600,89.73,-0.98,-1.0,-1,1,5
82700,89.64,-0.98,-1.0,-1,1,5
82800,89.56,-1.0,-1.0,-1,-1,5
82900,89.48,-1.0,-1.0,-1,-1,5
83000,89.39,-0.98,-1.0,-1,1,5
83100,89.31,-0.98,-1.0,-1,1,5
83200,89.23,-1.0,-1.0,-1,-1,5
83300,89.15,-1.0,-1.0,-1,-1,5
83400,89.07,-1.0,-1.0,-1,-1,1
83500,88.99,-0.98,-1.0,-1,1,5
83600,88.91,-0.98,-1.0,-1,1,5
83700,88.82,-1.0,-1.0,-1,-1,5
83800,88.74,-0.98,-1.0,-1,1,5
83900,88.66,-1.0,-1.0,-1,-1,5
84000,88.58,-1.0,-1.0,-1,-1,4
84100,88.5,-0.96,-1.0,-1,1,4
84200,88.43,-0.98,-1.0,-1,1,5
84300,88.35,-1.0,-1.0,-1,-1,5
84400,88.27,-0.98,-1.0,-1,1,5
84500,88.19,-0.98,-1.0,-1,1,5
84600,88.11,-0.96,-1.0,-1,1,5
84700,88.03,-1.0,-1.0,-1,-1,2
84800,87.96,-1.0,-1.0,-1,-1,5
84900,87.88,-1.0,-1.0,-1,-1,2
85000,87.81,-0.98,-1.0,-1,1,2
85100,87.73,-1.0,-1.0,-1,-1,2
85200,87.65,-0.98,-1.0,-1,1,2
85300,87.57,-1.0,-1.0,-1,-1,5
85400,87.49,-0.98,-1.0,-1,1,5
85500,87.41,-1.0,-1.0,-1,-1,5
85600,87.33,-1.0,-1.0,-1,-1,5
85700,87.26,-1.0,-1.0,-1,-1,2
85800,87.18,-1.0,-1.0,-1,-1,2
85900,87.1,-0.98,-1.0,-1,1,5
86000,87.03,-1.0,-1.0,-1,-1,1
86100,86.95,-1.0,-1.0,-1,-1,5
86200,86.87,-1.0,-1.0,-1,-1,5
86300,86.79,-0.98,-1.0,-1,1,5
86400,86.72,-0.96,-1.0,-1,1,5
86500,86.64,-0.98,-1.0,-1,1,5
86600,86.57,-0.98,-1.0,-1,1,5
86700,86.49,-0.98,-1.0,-1,1,5
86800,86.42,-0.98,-1.0,-1,1,5
86900,86.34,-1.0,-1.0,-1,-1,0
87000,86.27,-0.98,-1.0,-1,1,0
87100,86.2,-0.98,-1.0,-1,1,0
87200,86.12,-0.98,-1.0,-1,1,5
87300,86.05,-1.0,-1.0,-1,-1,5
87400,85.97,-1.0,-1.0,-1,-1,5
87500,85.9,-0.98,-1.0,-1,1,5
87600,85.82,-1.0,-1.0,-1,-1,5
87700,85.75,-1.0,-1.0,-1,-1,5
87800,85.68,-0.98,-1.0,-1,1,5
87900,85.6,-1.0,-1.0,-1,-1,5
88000,85.53,-0.98,-1.0,-1,1,5
88100,85.45,-1.0,-1.0,-1,-1,5
88200,85.38,-1.0,-1.0,-1,-1,5
88300,85.3,-1.0,-1.0,-1,-1,5
88400,85.23,-1.0,-1.0,-1,-1,5
88500,85.16,-0.96,-1.0,-1,1,5
88600,85.08,-1.0,-1.0,-1,-1,5
88700,85.01,-1.0,-1.0,-1,-1,3
88800,84.95,-0.98,-1.0,-1,1,3
88900,84.88,-0.98,-1.0,-1,1,3
89000,84.81,-0.98,-1.0,-1,1,5
89100,84.74,-0.96,-1.0,-1,1,5
89200,84.67,-1.0,-1.0,-1,-1,5
89300,84.59,-1.0,-1.0,-1,-1,5
89400,84.52,-0.96,-1.0,-1,1,5
89500,84.45,-0.98,-1.0,-1,1,5
89600,84.38,-0.98,-1.0,-1,1,2
89700,84.31,-0.98,-1.0,-1,1,5
89800,84.24,-1.0,-1.0,-1,-1,4
89900,84.17,-1.0,-1.0,-1,-1,4
90000,84.1,-1.0,-1.0,-1,-1,5
90100,84.03,-1.0,-1.0,-1,-1,5
90200,83.96,-1.0,-1.0,-1,-1,5
90300,83.89,-1.0,-1.0,-1,-1,5
90400,83.82,-0.98,-1.0,-1,1,5
90500,83.75,-1.0,-1.0,-1,-1,5
90600,83.68,-0.96,-1.0,-1,1,5
90700,83.61,-0.92,-1.0,-1,1,5
90800,83.55,-1.0,-1.0,-1,-1,2
90900,83.48,-0.98,-1.0,-1,1,2
91000,83.42,-1.0,-1.0,-1,-1,2
91100,83.35,-0.98,-1.0,-1,1,5
91200,83.28,-1.0,-1.0,-1,-1,2
91300,83.22,-1.0,-1.0,-1,-1,5
91400,83.15,-0.92,-1.0,-1,1,5
91500,83.08,-1.0,-1.0,-1,-1,5
91600,83.01,-0.98,-1.0,-1,1,5
91700,82.94,-1.0,-1.0,-1,-1,2
91800,82.88,-0.98,-1.0,-1,1,2
91900,82.81,-1.0,-1.0,-1,-1,5
92000,82.75,-0.98,-1.0,-1,1,5
92100,82.68,-1.0,-1.0,-1,-1,5
92200,82.61,-1.0,-1.0,-1,-1,2
92300,82.55,-0.98,-1.0,-1,1,3
92400,82.49,-1.0,-1.0,-1,-1,2
92500,82.42,-1.0,-1.0,-1,-1,5
92600,82.36,-0.98,-1.0,-1,1,5
92700,82.29,-1.0,-1.0,-1,-1,5
92800,82.23,-0.98,-1.0,-1,1,5
92900,82.16,-1.0,-1.0,-1,-1,5
93000,82.09,-1.0,-1.0,-1,-1,5
93100,82.02,-1.0,-1.0,-1,-1,5
93200,81.95,-1.0,-1.0,-1,-1,5
93300,81.89,-0.98,-1.0,-1,1,2
93400,81.82,-1.0,-1.0,-1,-1,5
93500,81.76,-0.98,-1.0,-1,1,5
93600,81.7,-0.98,-1.0,-1,1,5
93700,81.63,-1.0,-1.0,-1,-1,5
93800,81.56,-0.98,-1.0,-1,1,5
93900,81.5,-1.0,-1.0,-1,-1,2
94000,81.44,-0.98,-1.0,-1,1,5
94100,81.37,-1.0,-1.0,-1,-1,5
94200,81.3,-1.0,-1.0,-1,-1,5
94300,81.24,-1.0,-1.0,-1,-1,5
94400,81.17,-1.0,-1.0,-1,-1,5
94500,81.11,-1.0,-1.0,-1,-1,5
94600,81.04,-1.0,-1.0,-1,-1,5
94700,80.98,-1.0,-1.0,-1,-1,5
94800,80.91,-0.96,-1.0,-1,1,2
94900,80.85,-1.0,-1.0,-1,-1,2
95000,80.79,-1.0,-1.0,-1,-1,5
95100,80.72,-1.0,-1.0,-1,-1,5
95200,80.66,-0.98,-1.0,-1,1,5
95300,80.6,-1.0,-1.0,-1,-1,2
95400,80.54,-1.0,-1.0,-1,-1,2
95500,80.48,-0.98,-1.0,-1,1,2
95600,80.42,-0.98,-1.0,-1,1,2
95700,80.36,-1.0,-1.0,-1,-1,3
95800,80.3,-1.0,-1.0,-1,-1,3
95900,80.23,-1.0,-1.0,-1,-1,5
96000,80.17,-1.0,-1.0,-1,-1,5
96100,80.11,-1.0,-1.0,-1,-1,5
96200,80.05,-1.0,-1.0,-1,-1,5
96300,79.99,-0.96,-1.0,-1,1,2
96400,79.93,-1.0,-1.0,-1,-1,5
96500,79.86,-1.0,-1.0,-1,-1,5
96600,79.8,-1.0,-1.0,-1,-1,5
96700,79.74,-0.98,-1.0,-1,1,5
96800,79.68,-0.94,-1.0,-1,1,5
96900,79.62,-1.0,-1.0,-1,-1,5
97000,79.56,-0.98,-1.0,-1,1,1
97100,79.5,-1.0,-1.0,-1,-1,5
97200,79.44,-1.0,-1.0,-1,-1,5
97300,79.38,-1.0,-1.0,-1,-1,5
97400,79.32,-0.98,-1.0,-1,1,5
97500,79.26,-1.0,-1.0,-1,-1,5
97600,79.2,-1.0,-1.0,-1,-1,5
97700,79.14,-1.0,-1.0,-1,-1,5
97800,79.08,-1.0,-1.0,-1,-1,5
97900,79.02,-1.0,-1.0,-1,-1,0
98000,78.96,-0.98,-1.0,-1,1,5
98100,78.9,-0.96,-1.0,-1,1,0
98200,78.85,-0.98,-1.0,-1,1,0
98300,78.8,-0.96,-1.0,-1,1,3
98400,78.75,-1.0,-1.0,-1,-1,0
98500,78.7,-1.0,-1.0,-1,-1,0
98600,78.64,-1.0,-1.0,-1,-1,0
98700,78.59,-0.98,-1.0,-1,1,5
98800,78.53,-1.0,-1.0,-1,-1,5
98900,78.47,-0.94,-1.0,-1,1,5
99000,78.42,-1.0,-1.0,-1,-1,2
99100,78.36,-0.98,-1.0,-1,1,5
99200,78.31,-1.0,-1.0,-1,-1,5
99300,78.25,-0.98,-1.0,-1,1,5
99400,78.19,-1.0,-1.0,-1,-1,3
99500,78.14,-0.92,-1.0,-1,1,3
99600,78.08,-0.98,-1.0,-1,1,5
99700,78.03,-0.98,-1.0,-1,1,5
99800,77.97,-0.94,-1.0,-1,1,4
99900,77.91,-0.98,-1.0,-1,1,5
100000,77.85,-1.0,-1.0,-1,-1,5
100100,77.8,-0.96,-1.0,-1,1,1
100200,77.75,-1.0,-1.0,-1,-1,1
100300,77.69,-0.96,-1.0,-1,1,1
100400,77.64,-1.0,-1.0,-1,-1,5
100500,77.58,-0.96,-1.0,-1,1,1
100600,77.53,-0.98,-1.0,-1,1,5
100700,77.47,-1.0,-1.0,-1,-1,5
100800,77.41,-1.0,-1.0,-1,-1,5
100900,77.36,-1.0,-1.0,-1,-1,5
101000,77.3,-1.0,-1.0,-1,-1,5
101100,77.25,-1.0,-1.0,-1,-1,5
101200,77.19,-1.0,-1.0,-1,-1,5
101300,77.13,-1.0,-1.0,-1,-1,2
101400,77.08,-0.94,-1.0,-1,1,2
101500,77.03,-0.92,-1.0,-1,1,2
101600,76.97,-1.0,-1.0,-1,-1,0
101700,76.92,-1.0,-1.0,-1,-1,0
101800,76.86,-0.98,-1.0,-1,1,2
101900,76.81,-0.98,-1.0,-1,1,2
102000,76.76,-1.0,-1.0,-1,-1,3
102100,76.7,-0.98,-1.0,-1,1,5
102200,76.65,-0.98,-1.0,-1,1,5
102300,76.6,-0.98,-1.0,-1,1,5
102400,76.55,-0.96,-1.0,-1,1,1
102500,76.5,-0.92,-1.0,-1,1,1
102600,76.46,-0.96,-1.0,-1,1,1
102700,76.42,-0.92,-1.0,-1,1,1
102800,76.38,-0.92,-1.0,-1,1,2
102900,76.35,-0.9,-1.0,-1,1,1
103000,76.32,-0.9,-1.0,-1,1,4
103100,76.3,-0.88,-1.0,-1,1,2
103200,76.26,-0.9,-1.0,-1,1,2
103300,76.23,-0.98,-1.0,-1,1,0
103400,76.2,-0.9,-1.0,-1,1,0
103500,76.19,-0.64,-1.0,-1,1,0
103600,76.21,-0.8,-1.0,-1,1,0
103700,76.24,-0.6,-1.0,-1,1,0
103800,76.3,-0.66,-1.0,-1,1,0
103900,76.37,-0.46,-1.0,-1,1,0
104000,76.47,-0.16,-1.0,-1,1,2
104100,76.58,-0.36,-1.0,-1,1,2
104200,76.67,-0.3,-1.0,-1,1,2
104300,76.77,-0.24,-1.0,-1,1,4
104400,76.87,-0.34,-1.0,-1,1,4
104500,76.96,-0.22,-1.0,-1,1,4
104600,77.06,-0.3,-1.0,-1,1,4
104700,77.17,-0.3,-1.0,-1,1,4
104800,77.26,-0.12,-1.0,-1,1,4
104900,77.37,-0.24,-1.0,-1,1,4
105000,77.47,-0.32,-1.0,-1,1,3
105100,77.57,-0.34,-1.0,-1,1,3
105200,77.69,-0.3,-1.0,-1,1,4
105300,77.77,-0.22,-1.0,-1,1,4
105400,77.88,-0.3,-1.0,-1,1,4
105500,77.97,-0.14,-1.0,-1,1,2
105600,78.07,-0.16,-1.0,-1,1,2
105700,78.16,-0.14,-1.0,-1,1,2
105800,78.25,-0.16,-1.0,-1,1,2
105900,78.34,-0.32,-1.0,-1,1,2
106000,78.44,-0.36,-1.0,-1,1,1
106100,78.54,-0.24,-1.0,-1,1,2
106200,78.63,-0.14,-1.0,-1,1,4
106300,78.72,-0.12,-1.0,-1,1,4
106400,78.8,-0.22,-1.0,-1,1,1
106500,78.9,-0.26,-1.0,-1,1,2
106600,79.01,-0.16,-1.0,-1,1,2
106700,79.09,-0.42,-1.0,-1,1,2
106800,79.18,-0.44,-1.0,-1,1,2
106900,79.27,-0.34,-1.0,-1,1,4
107000,79.36,-0.28,-1.0,-1,1,4
107100,79.47,-0.48,-1.0,-1,1,4
107200,79.55,-0.38,-1.0,-1,1,4
107300,79.64,-0.28,-1.0,-1,1,2
107400,79.73,-0.12,-1.0,-1,1,2
107500,79.82,-0.3,-1.0,-1,1,2
107600,79.91,-0.44,-1.0,-1,1,2
107700,80.01,-0.28,-1.0,-1,1,2
107800,80.11,-0.28,-1.0,-1,1,2
107900,80.21,-0.28,-1.0,-1,1,2
108000,80.31,-0.4,-1.0,-1,1,2
108100,80.42,-0.4,-1.0,-1,1,2
108200,80.51,-0.44,-1.0,-1,1,2
108300,80.6,-0.4,-1.0,-1,1,2
108400,80.71,-0.42,-1.0,-1,1,0
108500,80.8,-0.3,-1.0,-1,1,2
108600,80.89,-0.32,-1.0,-1,1,2
108700,81.0,-0.4,-1.0,-1,1,4
108800,81.08,-0.32,-1.0,-1,1,4
108900,81.17,-0.34,-1.0,-1,1,0
109000,81.26,-0.22,-1.0,-1,1,0
109100,81.35,-0.22,-1.0,-1,1,0
109200,81.43,-0.46,-1.0,-1,1,0
109300,81.54,-0.48,-1.0,-1,1,0
109400,81.61,-0.16,-1.0,-1,1,0
109500,81.71,-0.16,-1.0,-1,1,0
109600,81.78,-0.42,-1.0,-1,1,0
109700,81.86,-0.14,-1.0,-1,1,4
109800,81.96,-0.28,-1.0,-1,1,0
109900,82.06,-0.38,-1.0,-1,1,0
110000,82.13,-0.24,-1.0,-1,1,0
110100,82.23,-0.28,-1.0,-1,1,4
110200,82.31,-0.36,-1.0,-1,1,0
110300,82.41,-0.14,-1.0,-1,1,4
110400,82.51,-0.4,-1.0,-1,1,4
110500,82.59,-0.18,-1.0,-1,1,0
110600,82.7,-0.24,-1.0,-1,1,4
110700,82.8,-0.24,-1.0,-1,1,0
110800,82.9,-0.38,-1.0,-1,1,0
110900,82.97,-0.28,-1.0,-1,1,0
111000,83.07,-0.42,-1.0,-1,1,0
111100,83.15,-0.26,-1.0,-1,1,0
111200,83.22,-0.08,-1.0,-1,1,0
111300,83.31,-0.18,-1.0,-1,1,0
111400,83.4,-0.4,-1.0,-1,1,4
111500,83.49,-0.22,-1.0,-1,1,4
111600,83.61,-0.32,-1.0,-1,1,0
111700,83.69,-0.34,-1.0,-1,1,0
111800,83.78,-0.18,-1.0,-1,1,4
111900,83.85,-0.14,-1.0,-1,1,4
112000,83.93,-0.3,-1.0,-1,1,4
112100,84.01,-0.24,-1.0,-1,1,4
112200,84.09,-0.38,-1.0,-1,1,4
112300,84.16,-0.36,-1.0,-1,1,4
112400,84.24,-0.32,-1.0,-1,1,4
112500,84.33,-0.4,-1.0,-1,1,4
112600,84.41,-0.16,-1.0,-1,1,2
112700,84.5,-0.3,-1.0,-1,1,4
112800,84.57,-0.32,-1.0,-1,1,0
112900,84.66,-0.42,-1.0,-1,1,0
113000,84.74,-0.26,-1.0,-1,1,4
113100,84.82,-0.36,-1.0,-1,1,4
113200,84.91,-0.22,-1.0,-1,1,4
113300,85.01,-0.18,-1.0,-1,1,4
113400,85.11,-0.16,-1.0,-1,1,4
113500,85.19,-0.38,-1.0,-1,1,4
113600,85.28,-0.32,-1.0,-1,1,4
113700,85.36,-0.32,-1.0,-1,1,4
113800,85.45,-0.28,-1.0,-1,1,4
113900,85.53,-0.34,-1.0,-1,1,4
114000,85.61,-0.28,-1.0,-1,1,4
114100,85.69,-0.22,-1.0,-1,1,4
114200,85.77,-0.3,-1.0,-1,1,0
114300,85.86,-0.22,-1.0,-1,1,0
114400,85.95,-0.16,-1.0,-1,1,4
114500,86.06,-0.38,-1.0,-1,1,4
114600,86.14,0.02,1.0,-1,1,4
114700,86.24,-0.28,-1.0,-1,1,2
114800,86.32,-0.28,-1.0,-1,1,4
114900,86.41,-0.38,-1.0,-1,1,2
115000,86.51,-0.26,-1.0,-1,1,2
115100,86.59,-0.3,-1.0,-1,1,2
115200,86.68,-0.3,-1.0,-1,1,2
115300,86.76,-0.2,-1.0,-1,1,0
115400,86.83,-0.5,-1.0,-1,1,2
115500,86.91,-0.32,-1.0,-1,1,2
115600,86.99,-0.4,-1.0,-1,1,2
115700,87.07,-0.3,-1.0,-1,1,2
115800,87.14,-0.24,-1.0,-1,1,2
115900,87.21,-0.5,-1.0,-1,1,2
116000,87.28,-0.34,-1.0,-1,1,2
116100,87.35,-0.26,-1.0,-1,1,2
116200,87.44,-0.22,-1.0,-1,1,2
116300,87.52,-0.34,-1.0,-1,1,4
116400,87.59,-0.16,-1.0,-1,1,4
116500,87.68,-0.34,-1.0,-1,1,4
116600,87.75,-0.16,-1.0,-1,1,4
116700,87.83,-0.54,-1.0,-1,1,2
116800,87.9,-0.34,-1.0,-1,1,2
116900,87.97,-0.38,-1.0,-1,1,4
117000,88.05,0.0,0.0,-1,1,4
117100,88.12,-0.26,-1.0,-1,1,4
117200,88.2,-0.16,-1.0,-1,1,2
117300,88.26,-0.22,-1.0,-1,1,4
117400,88.36,-0.24,-1.0,-1,1,2
117500,88.44,-0.2,-1.0,-1,1,0
117600,88.52,-0.32,-1.0,-1,1,2
117700,88.6,-0.3,-1.0,-1,1,2
117800,88.68,-0.24,-1.0,-1,1,2
117900,88.75,-0.32,-1.0,-1,1,2
118000,88.82,-0.44,-1.0,-1,1,2
118100,88.89,-0.22,-1.0,-1,1,2
118200,88.97,-0.38,-1.0,-1,1,2
118300,89.03,-0.26,-1.0,-1,1,2
118400,89.1,-0.26,-1.0,-1,1,4
118500,89.18,-0.24,-1.0,-1,1,4
118600,89.25,-0.38,-1.0,-1,1,4
118700,89.31,-0.12,-1.0,-1,1,3
118800,89.37,-0.46,-1.0,-1,1,3
118900,89.44,-0.34,-1.0,-1,1,4
119000,89.52,-0.28,-1.0,-1,1,2
119100,89.59,-0.24,-1.0,-1,1,2
119200,89.67,-0.2,-1.0,-1,1,4
119300,89.73,-0.22,-1.0,-1,1,4
119400,89.8,-0.5,-1.0,-1,1,4
119500,89.87,-0.32,-1.0,-1,1,4
119600,89.94,-0.28,-1.0,-1,1,4
119700,90.02,-0.44,-1.0,-1,1,4
119800,90.11,-0.26,-1.0,-1,1,4
119900,90.2,-0.24,-1.0,-1,1,4
120000,90.27,-0.36,-1.0,-1,1,4
120100,90.34,-0.18,-1.0,-1,1,4
120200,90.42,-0.26,-1.0,-1,1,4
120300,90.48,-0.36,-1.0,-1,1,4
120400,90.56,-0.18,-1.0,-1,1,4
120500,90.63,-0.2,-1.0,-1,1,4
120600,90.7,-0.36,-1.0,-1,1,4
120700,90.76,-0.3,-1.0,-1,1,4
120800,90.82,-0.3,-1.0,-1,1,4
120900,90.91,-0.44,-1.0,-1,1,4
121000,90.98,-0.46,-1.0,-1,1,4
121100,91.03,-0.16,-1.0,-1,1,2
121200,91.11,-0.24,-1.0,-1,1,4
121300,91.18,-0.26,-1.0,-1,1,2
121400,91.27,-0.2,-1.0,-1,1,2
121500,91.34,-0.2,-1.0,-1,1,4
121600,91.41,-0.1,-1.0,-1,1,4
121700,91.48,-0.28,-1.0,-1,1,2
121800,91.56,-0.38,-1.0,-1,1,4
121900,91.62,-0.42,-1.0,-1,1,4
122000,91.7,-0.3,-1.0,-1,1,4
122100,91.78,-0.4,-1.0,-1,1,4
122200,91.85,-0.42,-1.0,-1,1,4
122300,91.92,-0.4,-1.0,-1,1,4
122400,91.96,-0.42,-1.0,-1,1,4
122500,92.02,-0.46,-1.0,-1,1,4
122600,92.08,-0.52,-1.0,-1,1,0
122700,92.15,-0.32,-1.0,-1,1,4
122800,92.22,-0.4,-1.0,-1,1,2
122900,92.29,-0.38,-1.0,-1,1,0
123000,92.35,-0.26,-1.0,-1,1,0
123100,92.41,-0.38,-1.0,-1,1,0
123200,92.47,-0.38,-1.0,-1,1,2
123300,92.51,-0.46,-1.0,-1,1,2
123400,92.55,-0.38,-1.0,-1,1,2
123500,92.59,-0.54,-1.0,-1,1,2
123600,92.63,-0.5,-1.0,-1,1,2
123700,92.66,-0.4,-1.0,-1,1,2
123800,92.7,-0.44,-1.0,-1,1,2
123900,92.75,-0.4,-1.0,-1,1,2
124000,92.82,-0.38,-1.0,-1,1,2
124100,92.87,-0.3,-1.0,-1,1,2
124200,92.93,-0.42,-1.0,-1,1,2
124300,92.99,-0.22,-1.0,-1,1,2
124400,93.06,-0.3,-1.0,-1,1,2
124500,93.13,-0.42,-1.0,-1,1,0
124600,93.22,-0.34,-1.0,-1,1,0
124700,93.28,-0.36,-1.0,-1,1,0
124800,93.34,-0.3,-1.0,-1,1,0
124900,93.41,-0.24,-1.0,-1,1,0
125000,93.49,-0.3,-1.0,-1,1,0
125100,93.56,-0.44,-1.0,-1,1,3
125200,93.63,-0.34,-1.0,-1,1,2
125300,93.69,-0.2,-1.0,-1,1,0
125400,93.74,-0.34,-1.0,-1,1,0
125500,93.8,-0.4,-1.0,-1,1,2
125600,93.86,-0.28,-1.0,-1,1,2
125700,93.91,-0.28,-1.0,-1,1,0
125800,93.96,-0.3,-1.0,-1,1,2
125900,94.03,-0.22,-1.0,-1,1,0
126000,94.1,-0.08,-1.0,-1,1,2
126100,94.17,-0.42,-1.0,-1,1,2
126200,94.23,-0.34,-1.0,-1,1,2
126300,94.3,-0.22,-1.0,-1,1,2
126400,94.37,-0.22,-1.0,-1,1,2
126500,94.44,-0.42,-1.0,-1,1,2
126600,94.51,-0.26,-1.0,-1,1,3
126700,94.56,-0.16,-1.0,-1,1,3
126800,94.63,-0.3,-1.0,-1,1,3
126900,94.68,-0.3,-1.0,-1,1,3
127000,94.76,-0.22,-1.0,-1,1,3
127100,94.82,-0.28,-1.0,-1,1,3
127200,94.88,-0.02,-1.0,-1,1,3
127300,94.94,-0.2,-1.0,-1,1,3
127400,95.01,-0.26,-1.0,-1,1,3
127500,95.07,-0.46,-1.0,-1,1,3
127600,95.14,-0.46,-1.0,-1,1,3
127700,95.19,-0.34,-1.0,-1,1,3
127800,95.24,-0.34,-1.0,-1,1,2
127900,95.29,-0.34,-1.0,-1,1,2
128000,95.33,-0.24,-1.0,-1,1,2
128100,95.39,-0.08,-1.0,-1,1,0
128200,95.45,-0.16,-1.0,-1,1,0
128300,95.52,-0.36,-1.0,-1,1,0
128400,95.6,-0.24,-1.0,-1,1,0
128500,95.68,-0.18,-1.0,-1,1,0
128600,95.74,-0.22,-1.0,-1,1,0
128700,95.83,-0.34,-1.0,-1,1,0
128800,95.89,-0.22,-1.0,-1,1,0
128900,95.95,-0.26,-1.0,-1,1,0
129000,96.0,-0.26,-1.0,-1,1,2
129100,96.05,-0.46,-1.0,-1,1,2
129200,96.11,-0.46,-1.0,-1,1,4
129300,96.15,-0.4,-1.0,-1,1,2
129400,96.19,-0.46,-1.0,-1,1,2
129500,96.22,-0.34,-1.0,-1,1,2
129600,96.26,-0.2,-1.0,-1,1,2
129700,96.3,-0.26,-1.0,-1,1,1
129800,96.36,-0.24,-1.0,-1,1,4
129900,96.42,-0.24,-1.0,-1,1,2
130000,96.47,-0.28,-1.0,-1,1,0
130100,96.53,-0.36,-1.0,-1,1,0
130200,96.59,-0.2,-1.0,-1,1,0
130300,96.65,-0.32,-1.0,-1,1,2
130400,96.72,-0.36,-1.0,-1,1,0
130500,96.78,-0.34,-1.0,-1,1,2
130600,96.83,-0.26,-1.0,-1,1,2
130700,96.89,-0.4,-1.0,-1,1,4
130800,96.95,-0.28,-1.0,-1,1,2
130900,96.99,-0.44,-1.0,-1,1,2
131000,97.04,-0.2,-1.0,-1,1,0
131100,97.09,-0.3,-1.0,-1,1,0
131200,97.16,-0.34,-1.0,-1,1,0
131300,97.22,-0.4,-1.0,-1,1,0
131400,97.26,-0.4,-1.0,-1,1,0
131500,97.31,-0.44,-1.0,-1,1,1
131600,97.36,-0.56,-1.0,-1,1,1
131700,97.42,-0.44,-1.0,-1,1,1
131800,97.47,-0.44,-1.0,-1,1,1
131900,97.51,-0.44,-1.0,-1,1,1
132000,97.55,-0.4,-1.0,-1,1,0
132100,97.6,-0.52,-1.0,-1,1,0
132200,97.64,-0.52,-1.0,-1,1,0
132300,97.69,-0.4,-1.0,-1,1,0
132400,97.74,-0.52,-1.0,-1,1,0
132500,97.79,-0.34,-1.0,-1,1,0
132600,97.84,-0.16,-1.0,-1,1,0
132700,97.89,-0.32,-1.0,-1,1,0
132800,97.96,-0.36,-1.0,-1,1,0
132900,98.01,-0.26,-1.0,-1,1,0
133000,98.06,-0.4,-1.0,-1,1,0
133100,98.1,-0.24,-1.0,-1,1,0
133200,98.15,-0.08,-1.0,-1,1,0
133300,98.22,-0.3,-1.0,-1,1,0
133400,98.29,-0.48,-1.0,-1,1,0
133500,98.35,-0.14,-1.0,-1,1,0
133600,98.41,-0.2,-1.0,-1,1,0
133700,98.46,-0.34,-1.0,-1,1,2
133800,98.52,-0.34,-1.0,-1,1,0
133900,98.58,-0.28,-1.0,-1,1,0
134000,98.62,-0.48,-1.0,-1,1,0
134100,98.66,-0.38,-1.0,-1,1,0
134200,98.7,-0.4,-1.0,-1,1,2
134300,98.76,-0.34,-1.0,-1,1,0
134400,98.81,-0.26,-1.0,-1,1,2
134500,98.86,-0.24,-1.0,-1,1,0
134600,98.91,-0.16,-1.0,-1,1,2
134700,98.96,-0.34,-1.0,-1,1,2
134800,99.02,-0.48,-1.0,-1,1,0
134900,99.07,-0.26,-1.0,-1,1,2
135000,99.1,-0.32,-1.0,-1,1,2
135100,99.14,-0.28,-1.0,-1,1,3
135200,99.19,-0.2,-1.0,-1,1,2
135300,99.22,-0.24,-1.0,-1,1,2
135400,99.26,-0.32,-1.0,-1,1,0
135500,99.32,-0.22,-1.0,-1,1,0
135600,99.38,-0.34,-1.0,-1,1,2
135700,99.42,-0.26,-1.0,-1,1,2
135800,99.45,-0.38,-1.0,-1,1,2
135900,99.48,-0.28,-1.0,-1,1,0
136000,99.52,-0.4,-1.0,-1,1,2
136100,99.56,-0.36,-1.0,-1,1,2
136200,99.61,-0.4,-1.0,-1,1,2
136300,99.66,-0.26,-1.0,-1,1,2
136400,99.71,-0.46,-1.0,-1,1,2
136500,99.75,-0.22,-1.0,-1,1,0
136600,99.79,-0.42,-1.0,-1,1,0
136700,99.84,-0.12,-1.0,-1,1,2
136800,99.89,-0.4,-1.0,-1,1,2
136900,99.94,-0.28,-1.0,-1,1,2
137000,99.98,-0.26,-1.0,-1,1,2
137100,100.03,-0.38,-1.0,-1,1,2
137200,100.07,-0.44,-1.0,-1,1,2
137300,100.12,-0.46,-1.0,-1,1,2
137400,100.15,-0.42,-1.0,-1,1,2
137500,100.21,-0.4,-1.0,-1,1,2
137600,100.26,-0.34,-1.0,-1,1,2
137700,100.29,-0.38,-1.0,-1,1,2
137800,100.34,-0.44,-1.0,-1,1,2
137900,100.39,-0.3,-1.0,-1,1,2
138000,100.45,-0.26,-1.0,-1,1,2
138100,100.5,-0.34,-1.0,-1,1,0
138200,100.55,-0.32,-1.0,-1,1,0
138300,100.6,-0.42,-1.0,-1,1,2
138400,100.65,-0.24,-1.0,-1,1,3
138500,100.69,-0.22,-1.0,-1,1,3
138600,100.73,-0.48,-1.0,-1,1,0
138700,100.78,-0.4,-1.0,-1,1,0
138800,100.82,-0.28,-1.0,-1,1,1
138900,100.86,-0.38,-1.0,-1,1,1
139000,100.9,-0.28,-1.0,-1,1,2
139100,100.94,-0.48,-1.0,-1,1,2
139200,100.98,-0.52,-1.0,-1,1,2
139300,101.01,-0.48,-1.0,-1,1,2
139400,101.03,-0.54,-1.0,-1,1,2
139500,101.04,-0.52,-1.0,-1,1,2
139600,101.04,-0.58,-1.0,-1,1,2
139700,101.06,-0.58,-1.0,-1,1,2
139800,101.07,-0.48,-1.0,-1,1,2
139900,101.09,-0.36,-1.0,-1,1,2
140000,101.13,-0.46,-1.0,-1,1,2
140100,101.18,-0.26,-1.0,-1,1,2
140200,101.23,-0.44,-1.0,-1,1,2
140300,101.27,-0.22,-1.0,-1,1,2
140400,101.32,-0.44,-1.0,-1,1,2
140500,101.37,-0.32,-1.0,-1,1,2
140600,101.43,-0.36,-1.0,-1,1,2
140700,101.48,-0.16,-1.0,-1,1,2
140800,101.51,-0.44,-1.0,-1,1,2
140900,101.55,-0.36,-1.0,-1,1,2
141000,101.6,-0.28,-1.0,-1,1,2
141100,101.65,-0.28,-1.0,-1,1,2
141200,101.71,-0.24,-1.0,-1,1,2
141300,101.77,-0.3,-1.0,-1,1,2
141400,101.82,-0.32,-1.0,-1,1,4
141500,101.86,-0.26,-1.0,-1,1,4
141600,101.92,-0.28,-1.0,-1,1,4
141700,101.96,-0.38,-1.0,-1,1,4
141800,102.02,-0.34,-1.0,-1,1,4
141900,102.09,-0.3,-1.0,-1,1,2
142000,102.13,-0.26,-1.0,-1,1,2
142100,102.19,-0.28,-1.0,-1,1,2
142200,102.24,-0.1,-1.0,-1,1,2
142300,102.3,-0.28,-1.0,-1,1,4
142400,102.35,-0.36,-1.0,-1,1,0
142500,102.39,-0.08,-1.0,-1,1,0
142600,102.44,-0.26,-1.0,-1,1,0
142700,102.48,-0.28,-1.0,-1,1,0
142800,102.52,-0.36,-1.0,-1,1,0
142900,102.55,-0.3,-1.0,-1,1,0
143000,102.58,-0.3,-1.0,-1,1,0
143100,102.63,-0.32,-1.0,-1,1,0
143200,102.67,-0.32,-1.0,-1,1,0
143300,102.72,-0.32,-1.0,-1,1,0
143400,102.77,-0.24,-1.0,-1,1,0
143500,102.82,-0.24,-1.0,-1,1,0
143600,102.87,-0.32,-1.0,-1,1,0
143700,102.92,-0.28,-1.0,-1,1,0
143800,102.96,-0.34,-1.0,-1,1,0
143900,103.0,-0.4,-1.0,-1,1,0
144000,103.03,-0.42,-1.0,-1,1,0
144100,103.07,-0.5,-1.0,-1,1,0
144200,103.09,-0.36,-1.0,-1,1,0
144300,103.13,-0.52,-1.0,-1,1,2
144400,103.17,-0.56,-1.0,-1,1,2
144500,103.2,-0.24,-1.0,-1,1,2
144600,103.26,-0.38,-1.0,-1,1,2
144700,103.3,-0.12,-1.0,-1,1,2
144800,103.34,-0.3,-1.0,-1,1,2
144900,103.38,-0.4,-1.0,-1,1,2
145000,103.42,-0.3,-1.0,-1,1,0
145100,103.47,-0.28,-1.0,-1,1,2
145200,103.49,-0.3,-1.0,-1,1,2
145300,103.52,-0.5,-1.0,-1,1,2
145400,103.54,-0.46,-1.0,-1,1,2
145500,103.55,-0.7,-1.0,-1,1,2
145600,103.56,-0.64,-1.0,-1,1,3
145700,103.57,-0.7,-1.0,-1,1,3
145800,103.56,-0.66,-1.0,-1,1,3
145900,103.56,-0.64,-1.0,-1,1,2
146000,103.56,-0.6,-1.0,-1,1,4
146100,103.59,-0.6,-1.0,-1,1,4
146200,103.59,-0.48,-1.0,-1,1,1
146300,103.59,-0.68,-1.0,-1,1,1
146400,103.61,-0.52,-1.0,-1,1,2
146500,103.64,-0.56,-1.0,-1,1,1
146600,103.67,-0.36,-1.0,-1,1,2
146700,103.69,-0.62,-1.0,-1,1,2
146800,103.71,-0.52,-1.0,-1,1,2
146900,103.76,-0.34,-1.0,-1,1,4
147000,103.8,-0.4,-1.0,-1,1,2
147100,103.82,-0.36,-1.0,-1,1,4
147200,103.86,-0.34,-1.0,-1,1,4
147300,103.9,-0.18,-1.0,-1,1,4
147400,103.94,-0.34,-1.0,-1,1,2
147500,103.98,-0.3,-1.0,-1,1,2
147600,104.01,-0.44,-1.0,-1,1,2
147700,104.06,-0.2,-1.0,-1,1,2
147800,104.12,-0.32,-1.0,-1,1,2
147900,104.16,-0.2,-1.0,-1,1,2
148000,104.22,-0.18,-1.0,-1,1,2
148100,104.27,-0.14,-1.0,-1,1,2
148200,104.32,-0.34,-1.0,-1,1,4
148300,104.36,-0.2,-1.0,-1,1,0
148400,104.41,-0.14,-1.0,-1,1,4
148500,104.45,-0.04,-1.0,-1,1,0
148600,104.49,-0.36,-1.0,-1,1,0
148700,104.53,-0.48,-1.0,-1,1,4
148800,104.57,-0.46,-1.0,-1,1,4
148900,104.62,-0.36,-1.0,-1,1,2
149000,104.65,-0.36,-1.0,-1,1,4
149100,104.67,-0.44,-1.0,-1,1,2
149200,104.71,-0.24,-1.0,-1,1,2
149300,104.75,-0.44,-1.0,-1,1,2
149400,104.8,-0.36,-1.0,-1,1,4
149500,104.85,-0.28,-1.0,-1,1,2
149600,104.89,-0.38,-1.0,-1,1,2
149700,104.94,-0.22,-1.0,-1,1,1
149800,105.0,-0.36,-1.0,-1,1,2
149900,105.05,-0.32,-1.0,-1,1,1
150000,105.11,-0.22,-1.0,-1,1,1
150100,105.15,-0.18,-1.0,-1,1,1
150200,105.19,-0.08,-1.0,-1,1,1
150300,105.23,-0.2,-1.0,-1,1,4
150400,105.29,-0.24,-1.0,-1,1,2
150500,105.35,-0.18,-1.0,-1,1,2
150600,105.39,-0.4,-1.0,-1,1,2
150700,105.44,-0.3,-1.0,-1,1,4
150800,105.49,-0.34,-1.0,-1,1,4
150900,105.55,-0.22,-1.0,-1,1,4
151000,105.59,-0.36,-1.0,-1,1,4
151100,105.65,-0.24,-1.0,-1,1,4
151200,105.7,-0.08,-1.0,-1,1,4
151300,105.75,-0.38,-1.0,-1,1,4
151400,105.81,-0.4,-1.0,-1,1,4
151500,105.86,-0.38,-1.0,-1,1,4
151600,105.91,-0.28,-1.0,-1,1,4
151700,105.95,-0.28,-1.0,-1,1,4
151800,106.0,-0.14,-1.0,-1,1,4
151900,106.03,-0.28,-1.0,-1,1,4
152000,106.09,-0.24,-1.0,-1,1,1
152100,106.12,-0.06,-1.0,-1,1,1
152200,106.16,-0.32,-1.0,-1,1,1
152300,106.19,-0.36,-1.0,-1,1,4
152400,106.24,-0.06,-1.0,-1,1,4
152500,106.29,-0.12,-1.0,-1,1,4
152600,106.34,-0.4,-1.0,-1,1,1
152700,106.39,-0.52,-1.0,-1,1,1
152800,106.43,-0.32,-1.0,-1,1,4
152900,106.48,-0.32,-1.0,-1,1,4
153000,106.53,-0.16,-1.0,-1,1,4
153100,106.59,-0.34,-1.0,-1,1,2
153200,106.65,-0.44,-1.0,-1,1,4
153300,106.7,-0.1,-1.0,-1,1,4
153400,106.75,-0.32,-1.0,-1,1,4
153500,106.79,-0.28,-1.0,-1,1,4
153600,106.84,-0.24,-1.0,-1,1,1
153700,106.89,-0.2,-1.0,-1,1,1
153800,106.93,-0.28,-1.0,-1,1,1
153900,106.98,-0.26,-1.0,-1,1,1
154000,107.04,-0.3,-1.0,-1,1,1
154100,107.07,-0.24,-1.0,-1,1,1
154200,107.12,-0.34,-1.0,-1,1,1
154300,107.17,-0.18,-1.0,-1,1,1
154400,107.21,-0.34,-1.0,-1,1,1
154500,107.25,-0.48,-1.0,-1,1,1
154600,107.29,-0.3,-1.0,-1,1,1
154700,107.33,-0.42,-1.0,-1,1,1
154800,107.36,-0.4,-1.0,-1,1,1
154900,107.39,-0.4,-1.0,-1,1,1
155000,107.42,-0.24,-1.0,-1,1,4
155100,107.45,-0.46,-1.0,-1,1,4
155200,107.48,-0.48,-1.0,-1,1,4
155300,107.51,-0.46,-1.0,-1,1,4
155400,107.55,-0.32,-1.0,-1,1,2
155500,107.59,-0.14,-1.0,-1,1,2
155600,107.62,-0.22,-1.0,-1,1,1
155700,107.67,-0.24,-1.0,-1,1,1
155800,107.71,-0.22,-1.0,-1,1,2
155900,107.76,-0.28,-1.0,-1,1,2
156000,107.8,-0.28,-1.0,-1,1,1
156100,107.84,-0.12,-1.0,-1,1,1
156200,107.87,-0.32,-1.0,-1,1,1
156300,107.93,-0.48,-1.0,-1,1,1
156400,107.98,-0.34,-1.0,-1,1,1
156500,108.03,-0.28,-1.0,-1,1,1
156600,108.08,-0.4,-1.0,-1,1,1
156700,108.13,-0.3,-1.0,-1,1,1
156800,108.17,-0.26,-1.0,-1,1,2
156900,108.22,-0.24,-1.0,-1,1,2
157000,108.26,-0.34,-1.0,-1,1,1
157100,108.31,-0.26,-1.0,-1,1,4
157200,108.35,-0.22,-1.0,-1,1,2
157300,108.38,-0.32,-1.0,-1,1,4
157400,108.43,-0.26,-1.0,-1,1,4
157500,108.48,-0.32,-1.0,-1,1,4
157600,108.52,-0.2,-1.0,-1,1,4
157700,108.57,-0.18,-1.0,-1,1,4
157800,108.61,-0.1,-1.0,-1,1,4
157900,108.65,-0.3,-1.0,-1,1,4
158000,108.7,-0.34,-1.0,-1,1,4
158100,108.75,-0.3,-1.0,-1,1,4
158200,108.8,-0.38,-1.0,-1,1,4
158300,108.83,-0.34,-1.0,-1,1,4
158400,108.88,-0.12,-1.0,-1,1,1
158500,108.91,-0.3,-1.0,-1,1,4
158600,108.96,-0.22,-1.0,-1,1,4
158700,109.01,-0.3,-1.0,-1,1,4
158800,109.06,-0.32,-1.0,-1,1,4
158900,109.11,-0.18,-1.0,-1,1,4
159000,109.15,-0.22,-1.0,-1,1,4
159100,109.19,-0.42,-1.0,-1,1,4
159200,109.23,-0.3,-1.0,-1,1,4
159300,109.26,-0.34,-1.0,-1,1,4
159400,109.29,-0.62,-1.0,-1,1,4
159500,109.32,-0.32,-1.0,-1,1,4
159600,109.34,-0.44,-1.0,-1,1,4
159700,109.36,-0.46,-1.0,-1,1,4
159800,109.39,-0.34,-1.0,-1,1,4
159900,109.42,-0.44,-1.0,-1,1,2
160000,109.44,-0.32,-1.0,-1,1,2
160100,109.47,0.04,1.0,-1,1,2
160200,109.5,-0.34,-1.0,-1,1,2
160300,109.54,-0.18,-1.0,-1,1,4
160400,109.58,-0.24,-1.0,-1,1,4
160500,109.62,-0.1,-1.0,-1,1,4
160600,109.65,-0.32,-1.0,-1,1,4
160700,109.7,-0.24,-1.0,-1,1,2
160800,109.74,-0.16,-1.0,-1,1,1
160900,109.78,-0.32,-1.0,-1,1,1
161000,109.82,-0.3,-1.0,-1,1,1
161100,109.85,-0.26,-1.0,-1,1,1
161200,109.9,-0.24,-1.0,-1,1,4
161300,109.94,-0.32,-1.0,-1,1,2
161400,109.97,-0.22,-1.0,-1,1,2
161500,110.0,-0.38,-1.0,-1,1,4
161600,110.03,-0.48,-1.0,-1,1,4
161700,110.06,-0.44,-1.0,-1,1,4
161800,110.08,-0.22,-1.0,-1,1,4
161900,110.12,-0.28,-1.0,-1,1,4
162000,110.15,-0.2,-1.0,-1,1,4
162100,110.19,-0.22,-1.0,-1,1,4
162200,110.24,-0.14,-1.0,-1,1,4
162300,110.28,-0.32,-1.0,-1,1,4
162400,110.31,-0.24,-1.0,-1,1,4
162500,110.35,-0.18,-1.0,-1,1,4
162600,110.41,-0.2,-1.0,-1,1,4
162700,110.45,-0.2,-1.0,-1,1,4
162800,110.48,-0.3,-1.0,-1,1,4
162900,110.52,-0.06,-1.0,-1,1,0
163000,110.55,-0.34,-1.0,-1,1,0
163100,110.6,-0.46,-1.0,-1,1,4
163200,110.62,-0.32,-1.0,-1,1,4
163300,110.65,-0.48,-1.0,-1,1,2
163400,110.68,-0.32,-1.0,-1,1,2
163500,110.71,-0.32,-1.0,-1,1,2
163600,110.74,-0.28,-1.0,-1,1,2
163700,110.78,-0.36,-1.0,-1,1,2
163800,110.81,-0.1,-1.0,-1,1,1
163900,110.85,-0.18,-1.0,-1,1,1
164000,110.9,-0.2,-1.0,-1,1,2
164100,110.93,-0.46,-1.0,-1,1,1
164200,110.97,-0.48,-1.0,-1,1,1
164300,111.01,-0.38,-1.0,-1,1,2
164400,111.03,-0.08,-1.0,-1,1,2
164500,111.07,-0.4,-1.0,-1,1,1
164600,111.11,-0.44,-1.0,-1,1,1
164700,111.16,-0.46,-1.0,-1,1,1
164800,111.2,-0.2,-1.0,-1,1,1
164900,111.23,-0.46,-1.0,-1,1,1
165000,111.27,-0.26,-1.0,-1,1,1
165100,111.31,-0.4,-1.0,-1,1,1
165200,111.35,-0.52,-1.0,-1,1,1
165300,111.39,-0.28,-1.0,-1,1,4
165400,111.43,-0.38,-1.0,-1,1,1
165500,111.46,-0.24,-1.0,-1,1,1
165600,111.49,-0.42,-1.0,-1,1,4
165700,111.52,-0.38,-1.0,-1,1,1
165800,111.55,-0.36,-1.0,-1,1,1
165900,111.58,-0.44,-1.0,-1,1,4
166000,111.61,-0.48,-1.0,-1,1,4
166100,111.64,-0.42,-1.0,-1,1,4
166200,111.66,-0.24,-1.0,-1,1,1
166300,111.69,-0.56,-1.0,-1,1,1
166400,111.73,-0.48,-1.0,-1,1,1
166500,111.76,-0.36,-1.0,-1,1,1
166600,111.79,-0.38,-1.0,-1,1,4
166700,111.82,-0.3,-1.0,-1,1,4
166800,111.85,-0.32,-1.0,-1,1,4
166900,111.9,-0.28,-1.0,-1,1,0
167000,111.93,-0.36,-1.0,-1,1,4
167100,111.98,-0.34,-1.0,-1,1,4
167200,112.02,-0.14,-1.0,-1,1,4
167300,112.05,-0.4,-1.0,-1,1,4
167400,112.08,-0.24,-1.0,-1,1,4
167500,112.12,-0.3,-1.0,-1,1,4
167600,112.17,-0.12,-1.0,-1,1,4
167700,112.22,-0.22,-1.0,-1,1,3
167800,112.25,-0.24,-1.0,-1,1,4
167900,112.3,-0.3,-1.0,-1,1,3
168000,112.34,-0.18,-1.0,-1,1,3
168100,112.38,-0.18,-1.0,-1,1,3
168200,112.43,-0.28,-1.0,-1,1,3
168300,112.47,-0.34,-1.0,-1,1,4
168400,112.51,-0.3,-1.0,-1,1,4
168500,112.56,-0.26,-1.0,-1,1,4
168600,112.59,-0.2,-1.0,-1,1,4
168700,112.63,-0.26,-1.0,-1,1,0
168800,112.67,-0.2,-1.0,-1,1,4
168900,112.71,-0.34,-1.0,-1,1,3
169000,112.75,-0.3,-1.0,-1,1,3
169100,112.79,-0.26,-1.0,-1,1,3
169200,112.82,-0.34,-1.0,-1,1,4
169300,112.85,-0.24,-1.0,-1,1,3
169400,112.9,-0.26,-1.0,-1,1,3
169500,112.94,-0.36,-1.0,-1,1,3
169600,112.96,0.0,0.0,-1,1,4
169700,112.99,-0.28,-1.0,-1,1,4
169800,113.04,-0.28,-1.0,-1,1,4
169900,113.07,-0.3,-1.0,-1,1,4
170000,113.11,-0.14,-1.0,-1,1,4
170100,113.17,-0.24,-1.0,-1,1,4
170200,113.21,-0.24,-1.0,-1,1,3
170300,113.24,-0.36,-1.0,-1,1,4
170400,113.27,-0.5,-1.0,-1,1,4
170500,113.31,-0.42,-1.0,-1,1,2
170600,113.35,-0.28,-1.0,-1,1,2
170700,113.37,-0.14,-1.0,-1,1,4
170800,113.41,-0.12,-1.0,-1,1,2
170900,113.45,-0.28,-1.0,-1,1,2
171000,113.47,-0.36,-1.0,-1,1,2
171100,113.51,-0.22,-1.0,-1,1,2
171200,113.56,-0.14,-1.0,-1,1,4
171300,113.59,-0.24,-1.0,-1,1,4
171400,113.62,-0.48,-1.0,-1,1,4
171500,113.65,-0.2,-1.0,-1,1,4
171600,113.67,-0.22,-1.0,-1,1,4
171700,113.71,-0.32,-1.0,-1,1,4
171800,113.77,-0.44,-1.0,-1,1,4
171900,113.79,-0.08,-1.0,-1,1,4
172000,113.82,-0.28,-1.0,-1,1,4
172100,113.86,-0.26,-1.0,-1,1,4
172200,113.89,-0.26,-1.0,-1,1,2
172300,113.93,-0.26,-1.0,-1,1,2
172400,113.97,-0.38,-1.0,-1,1,4
172500,114.0,-0.14,-1.0,-1,1,4
172600,114.03,-0.1,-1.0,-1,1,4
172700,114.06,-0.44,-1.0,-1,1,0
172800,114.11,-0.28,-1.0,-1,1,2
172900,114.14,-0.22,-1.0,-1,1,2
173000,114.18,-0.28,-1.0,-1,1,2
173100,114.21,-0.32,-1.0,-1,1,2
173200,114.24,-0.22,-1.0,-1,1,1
173300,114.27,-0.36,-1.0,-1,1,2
173400,114.31,-0.44,-1.0,-1,1,1
173500,114.33,-0.3,-1.0,-1,1,0
173600,114.37,-0.32,-1.0,-1,1,0
173700,114.39,-0.34,-1.0,-1,1,0
173800,114.43,-0.42,-1.0,-1,1,0
173900,114.45,-0.54,-1.0,-1,1,4
174000,114.48,-0.4,-1.0,-1,1,4
174100,114.51,-0.38,-1.0,-1,1,4
174200,114.54,-0.34,-1.0,-1,1,4
174300,114.56,-0.16,-1.0,-1,1,4
174400,114.6,-0.2,-1.0,-1,1,4
174500,114.63,-0.24,-1.0,-1,1,2
174600,114.66,-0.3,-1.0,-1,1,2
174700,114.69,-0.3,-1.0,-1,1,4
174800,114.73,-0.18,-1.0,-1,1,4
174900,114.76,-0.22,-1.0,-1,1,4
175000,114.8,-0.22,-1.0,-1,1,4
175100,114.83,-0.22,-1.0,-1,1,4
175200,114.87,-0.18,-1.0,-1,1,4
175300,114.91,-0.18,-1.0,-1,1,4
175400,114.95,-0.3,-1.0,-1,1,4
175500,114.97,-0.12,-1.0,-1,1,4
175600,115.0,-0.24,-1.0,-1,1,2
175700,115.05,-0.4,-1.0,-1,1,4
175800,115.08,-0.28,-1.0,-1,1,4
175900,115.12,-0.34,-1.0,-1,1,4
176000,115.16,-0.36,-1.0,-1,1,4
176100,115.21,-0.3,-1.0,-1,1,2
176200,115.25,-0.04,-1.0,-1,1,4
176300,115.3,-0.22,-1.0,-1,1,2
176400,115.34,-0.08,-1.0,-1,1,4
176500,115.37,-0.12,-1.0,-1,1,4
176600,115.41,-0.22,-1.0,-1,1,4
176700,115.45,-0.22,-1.0,-1,1,4
176800,115.49,-0.32,-1.0,-1,1,4
176900,115.53,-0.44,-1.0,-1,1,2
177000,115.57,-0.24,-1.0,-1,1,2
177100,115.6,-0.12,-1.0,-1,1,0
177200,115.64,-0.14,-1.0,-1,1,4
177300,115.67,-0.16,-1.0,-1,1,4
177400,115.7,-0.14,-1.0,-1,1,0
177500,115.74,-0.16,-1.0,-1,1,0
177600,115.77,-0.14,-1.0,-1,1,4
177700,115.81,-0.28,-1.0,-1,1,4
177800,115.85,-0.18,-1.0,-1,1,4
177900,115.89,-0.2,-1.0,-1,1,4
178000,115.91,-0.08,-1.0,-1,1,4
178100,115.94,-0.08,-1.0,-1,1,4
178200,115.99,-0.24,-1.0,-1,1,4
178300,116.04,-0.34,-1.0,-1,1,4
178400,116.08,-0.12,-1.0,-1,1,0
178500,116.12,-0.24,-1.0,-1,1,0
178600,116.16,-0.2,-1.0,-1,1,2
178700,116.19,-0.34,-1.0,-1,1,0
178800,116.23,-0.32,-1.0,-1,1,0
178900,116.27,-0.28,-1.0,-1,1,0
179000,116.31,-0.22,-1.0,-1,1,0
179100,116.35,-0.38,-1.0,-1,1,0
179200,116.39,-0.18,-1.0,-1,1,2
179300,116.42,-0.24,-1.0,-1,1,2
179400,116.46,-0.24,-1.0,-1,1,2
179500,116.49,-0.1,-1.0,-1,1,2
179600,116.53,-0.1,-1.0,-1,1,2
179700,116.55,-0.16,-1.0,-1,1,0
179800,116.59,-0.22,-1.0,-1,1,0
179900,116.63,-0.16,-1.0,-1,1,0
180000,116.66,-0.26,-1.0,-1,1,0
180100,116.69,-0.22,-1.0,-1,1,0
180200,116.72,-0.22,-1.0,-1,1,0
180300,116.76,-0.22,-1.0,-1,1,0
180400,116.8,-0.36,-1.0,-1,1,0
180500,116.82,-0.02,-1.0,-1,1,0
180600,116.86,-0.36,-1.0,-1,1,0
180700,116.91,-0.4,-1.0,-1,1,0
180800,116.95,-0.24,-1.0,-1,1,0
180900,117.0,-0.28,-1.0,-1,1,0
181000,117.04,-0.3,-1.0,-1,1,0
181100,117.07,-0.22,-1.0,-1,1,3
181200,117.11,-0.3,-1.0,-1,1,3
181300,117.15,-0.3,-1.0,-1,1,3
181400,117.19,-0.2,-1.0,-1,1,3
181500,117.23,-0.16,-1.0,-1,1,3
181600,117.26,-0.24,-1.0,-1,1,3
181700,117.29,-0.16,-1.0,-1,1,3
181800,117.32,-0.22,-1.0,-1,1,3
181900,117.36,-0.2,-1.0,-1,1,1
182000,117.4,-0.44,-1.0,-1,1,1
182100,117.43,-0.16,-1.0,-1,1,1
182200,117.46,-0.3,-1.0,-1,1,3
182300,117.5,-0.14,-1.0,-1,1,2
182400,117.54,-0.42,-1.0,-1,1,2
182500,117.58,-0.2,-1.0,-1,1,3
182600,117.61,-0.18,-1.0,-1,1,2
182700,117.65,-0.22,-1.0,-1,1,2
182800,117.68,0.02,1.0,-1,1,2
182900,117.71,0.0,0.0,-1,1,2
183000,117.75,-0.26,-1.0,-1,1,3
183100,117.78,-0.2,-1.0,-1,1,3
183200,117.82,-0.42,-1.0,-1,1,3
183300,117.86,-0.22,-1.0,-1,1,3
183400,117.9,-0.14,-1.0,-1,1,3
183500,117.93,-0.04,-1.0,-1,1,3
183600,117.96,-0.18,-1.0,-1,1,3
183700,117.99,-0.44,-1.0,-1,1,3
183800,118.03,-0.28,-1.0,-1,1,3
183900,118.06,-0.26,-1.0,-1,1,2
184000,118.1,-0.18,-1.0,-1,1,3
184100,118.13,-0.26,-1.0,-1,1,3
184200,118.15,-0.1,-1.0,-1,1,3
184300,118.18,-0.38,-1.0,-1,1,3
184400,118.21,-0.1,-1.0,-1,1,3
184500,118.23,-0.38,-1.0,-1,1,3
184600,118.26,-0.4,-1.0,-1,1,3
184700,118.29,-0.1,-1.0,-1,1,3
184800,118.33,-0.42,-1.0,-1,1,3
184900,118.37,-0.28,-1.0,-1,1,3
185000,118.4,-0.14,-1.0,-1,1,3
185100,118.42,-0.04,-1.0,-1,1,2
185200,118.45,-0.14,-1.0,-1,1,2
185300,118.48,-0.5,-1.0,-1,1,2
185400,118.51,-0.2,-1.0,-1,1,2
185500,118.54,-0.18,-1.0,-1,1,2
185600,118.58,-0.3,-1.0,-1,1,2
185700,118.61,-0.32,-1.0,-1,1,2
185800,118.64,-0.08,-1.0,-1,1,2
185900,118.68,-0.14,-1.0,-1,1,2
186000,118.7,-0.12,-1.0,-1,1,3
186100,118.75,-0.38,-1.0,-1,1,3
186200,118.78,-0.3,-1.0,-1,1,2
186300,118.81,-0.2,-1.0,-1,1,3
186400,118.83,-0.34,-1.0,-1,1,3
186500,118.85,-0.38,-1.0,-1,1,0
186600,118.88,-0.46,-1.0,-1,1,0
186700,118.9,-0.08,-1.0,-1,1,0
186800,118.93,-0.24,-1.0,-1,1,0
186900,118.96,-0.32,-1.0,-1,1,0
187000,118.98,-0.34,-1.0,-1,1,0
187100,119.02,-0.4,-1.0,-1,1,0
187200,119.03,-0.36,-1.0,-1,1,0
187300,119.06,-0.46,-1.0,-1,1,0
187400,119.08,-0.34,-1.0,-1,1,0
187500,119.1,-0.38,-1.0,-1,1,3
187600,119.13,-0.12,-1.0,-1,1,0
187700,119.17,-0.32,-1.0,-1,1,0
187800,119.2,-0.26,-1.0,-1,1,0
187900,119.23,-0.36,-1.0,-1,1,4
188000,119.28,-0.1,-1.0,-1,1,4
188100,119.31,-0.2,-1.0,-1,1,4
188200,119.34,-0.2,-1.0,-1,1,3
188300,119.37,-0.22,-1.0,-1,1,4
188400,119.4,-0.18,-1.0,-1,1,3
188500,119.43,-0.18,-1.0,-1,1,3
188600,119.46,-0.3,-1.0,-1,1,3
188700,119.49,-0.32,-1.0,-1,1,3
188800,119.51,-0.32,-1.0,-1,1,3
188900,119.54,-0.3,-1.0,-1,1,4
189000,119.58,-0.46,-1.0,-1,1,4
189100,119.61,-0.24,-1.0,-1,1,4
189200,119.63,-0.24,-1.0,-1,1,4
189300,119.67,-0.26,-1.0,-1,1,4
189400,119.71,-0.12,-1.0,-1,1,4
189500,119.75,-0.22,-1.0,-1,1,4
189600,119.79,-0.3,-1.0,-1,1,4
189700,119.83,-0.14,-1.0,-1,1,4
189800,119.87,-0.16,-1.0,-1,1,3
189900,119.91,-0.32,-1.0,-1,1,3
190000,119.94,-0.08,-1.0,-1,1,3
190100,119.98,-0.22,-1.0,-1,1,3
190200,120.01,-0.14,-1.0,-1,1,4
190300,120.05,-0.22,-1.0,-1,1,4
190400,120.08,-0.32,-1.0,-1,1,4
190500,120.11,-0.26,-1.0,-1,1,4
190600,120.14,-0.32,-1.0,-1,1,4
190700,120.18,-0.12,-1.0,-1,1,4
190800,120.22,-0.1,-1.0,-1,1,2
190900,120.25,-0.06,-1.0,-1,1,2
191000,120.27,-0.18,-1.0,-1,1,4
191100,120.3,-0.04,-1.0,-1,1,4
191200,120.34,-0.26,-1.0,-1,1,0
191300,120.37,-0.2,-1.0,-1,1,4
191400,120.4,-0.24,-1.0,-1,1,4
191500,120.42,-0.22,-1.0,-1,1,4
191600,120.45,-0.28,-1.0,-1,1,1
191700,120.48,-0.3,-1.0,-1,1,2
191800,120.51,-0.24,-1.0,-1,1,1
191900,120.54,-0.34,-1.0,-1,1,1
192000,120.57,-0.2,-1.0,-1,1,4
192100,120.59,-0.3,-1.0,-1,1,4
192200,120.61,-0.32,-1.0,-1,1,4
192300,120.64,-0.34,-1.0,-1,1,4
192400,120.66,-0.38,-1.0,-1,1,4
192500,120.68,-0.26,-1.0,-1,1,4
192600,120.72,-0.34,-1.0,-1,1,4
192700,120.75,-0.12,-1.0,-1,1,4
192800,120.79,-0.26,-1.0,-1,1,4
192900,120.83,-0.28,-1.0,-1,1,4
193000,120.86,-0.24,-1.0,-1,1,4
193100,120.89,-0.32,-1.0,-1,1,4
193200,120.93,-0.34,-1.0,-1,1,4
193300,120.96,-0.36,-1.0,-1,1,4
193400,120.99,-0.38,-1.0,-1,1,4
193500,121.01,-0.2,-1.0,-1,1,4
193600,121.04,-0.12,-1.0,-1,1,4
193700,121.06,-0.2,-1.0,-1,1,4
193800,121.1,-0.38,-1.0,-1,1,4
193900,121.14,-0.26,-1.0,-1,1,4
194000,121.17,-0.24,-1.0,-1,1,4
194100,121.19,-0.34,-1.0,-1,1,4
194200,121.22,-0.18,-1.0,-1,1,4
194300,121.26,-0.36,-1.0,-1,1,4
194400,121.27,-0.22,-1.0,-1,1,4
194500,121.31,-0.28,-1.0,-1,1,4
194600,121.34,-0.38,-1.0,-1,1,4
194700,121.37,-0.32,-1.0,-1,1,4
194800,121.4,-0.36,-1.0,-1,1,4
194900,121.43,-0.3,-1.0,-1,1,4
195000,121.47,-0.3,-1.0,-1,1,4
195100,121.49,-0.26,-1.0,-1,1,4
195200,121.52,-0.3,-1.0,-1,1,4
195300,121.53,-0.2,-1.0,-1,1,4
195400,121.55,-0.4,-1.0,-1,1,2
195500,121.57,-0.34,-1.0,-1,1,4
195600,121.58,-0.46,-1.0,-1,1,4
195700,121.61,-0.34,-1.0,-1,1,4
195800,121.62,-0.24,-1.0,-1,1,4
195900,121.65,-0.32,-1.0,-1,1,4
196000,121.66,-0.24,-1.0,-1,1,4
196100,121.69,-0.32,-1.0,-1,1,4
196200,121.72,-0.2,-1.0,-1,1,4
196300,121.75,-0.04,-1.0,-1,1,4
196400,121.78,-0.36,-1.0,-1,1,4
196500,121.81,-0.12,-1.0,-1,1,4
196600,121.85,-0.26,-1.0,-1,1,0
196700,121.87,-0.16,-1.0,-1,1,0
196800,121.9,-0.46,-1.0,-1,1,0
196900,121.93,-0.18,-1.0,-1,1,4
197000,121.96,-0.14,-1.0,-1,1,4
197100,121.99,-0.12,-1.0,-1,1,0
197200,122.03,-0.36,-1.0,-1,1,0
197300,122.06,-0.4,-1.0,-1,1,0
197400,122.08,-0.38,-1.0,-1,1,0
197500,122.11,-0.28,-1.0,-1,1,4
197600,122.13,-0.4,-1.0,-1,1,4
197700,122.16,-0.32,-1.0,-1,1,4
197800,122.19,-0.24,-1.0,-1,1,4
197900,122.21,-0.34,-1.0,-1,1,4
198000,122.24,-0.38,-1.0,-1,1,4
198100,122.27,-0.28,-1.0,-1,1,4
198200,122.29,-0.42,-1.0,-1,1,4
198300,122.31,-0.4,-1.0,-1,1,4
198400,122.34,-0.24,-1.0,-1,1,4
198500,122.37,-0.36,-1.0,-1,1,4
198600,122.39,-0.42,-1.0,-1,1,4
198700,122.41,-0.2,-1.0,-1,1,4
198800,122.45,-0.3,-1.0,-1,1,0
198900,122.47,-0.26,-1.0,-1,1,0
199000,122.5,-0.16,-1.0,-1,1,0
199100,122.52,-0.04,-1.0,-1,1,0
199200,122.54,-0.28,-1.0,-1,1,0
199300,122.57,-0.3,-1.0,-1,1,0
199400,122.6,-0.22,-1.0,-1,1,0
199500,122.62,-0.24,-1.0,-1,1,0
199600,122.66,-0.36,-1.0,-1,1,0
199700,122.69,-0.42,-1.0,-1,1,0
199800,122.72,-0.2,-1.0,-1,1,0
199900,122.76,-0.06,-1.0,-1,1,0
200000,122.79,-0.24,-1.0,-1,1,4
200100,122.82,-0.16,-1.0,-1,1,4
200200,122.84,-0.16,-1.0,-1,1,4
200300,122.88,-0.3,-1.0,-1,1,4
200400,122.91,-0.26,-1.0,-1,1,0
200500,122.94,-0.04,-1.0,-1,1,0
200600,122.97,-0.26,-1.0,-1,1,0
200700,123.0,-0.26,-1.0,-1,1,0
200800,123.03,-0.32,-1.0,-1,1,0
200900,123.05,-0.42,-1.0,-1,1,0
201000,123.07,-0.14,-1.0,-1,1,0
201100,123.09,-0.3,-1.0,-1,1,0
201200,123.11,-0.38,-1.0,-1,1,0
201300,123.14,-0.36,-1.0,-1,1,0
201400,123.16,-0.4,-1.0,-1,1,0
201500,123.18,-0.14,-1.0,-1,1,2
201600,123.21,-0.12,-1.0,-1,1,2
201700,123.22,-0.06,-1.0,-1,1,2
201800,123.24,-0.16,-1.0,-1,1,4
201900,123.27,-0.08,-1.0,-1,1,4
202000,123.29,-0.1,-1.0,-1,1,0
202100,123.31,-0.32,-1.0,-1,1,0
202200,123.33,-0.38,-1.0,-1,1,0
202300,123.35,-0.4,-1.0,-1,1,0
202400,123.38,-0.24,-1.0,-1,1,0
202500,123.4,-0.26,-1.0,-1,1,0
202600,123.44,-0.32,-1.0,-1,1,0
202700,123.46,-0.12,-1.0,-1,1,0
202800,123.48,-0.34,-1.0,-1,1,0
202900,123.51,-0.36,-1.0,-1,1,0
203000,123.53,-0.22,-1.0,-1,1,0
203100,123.55,-0.24,-1.0,-1,1,4
203200,123.58,-0.4,-1.0,-1,1,4
203300,123.6,-0.24,-1.0,-1,1,4
203400,123.63,-0.32,-1.0,-1,1,4
203500,123.66,-0.18,-1.0,-1,1,4
203600,123.69,-0.2,-1.0,-1,1,4
203700,123.71,-0.26,-1.0,-1,1,2
203800,123.74,-0.3,-1.0,-1,1,2
203900,123.78,-0.24,-1.0,-1,1,2
204000,123.81,-0.16,-1.0,-1,1,1
204100,123.83,-0.16,-1.0,-1,1,2
204200,123.85,-0.18,-1.0,-1,1,4
204300,123.87,-0.18,-1.0,-1,1,4
204400,123.89,-0.22,-1.0,-1,1,4
204500,123.91,-0.22,-1.0,-1,1,4
204600,123.94,-0.22,-1.0,-1,1,4
204700,123.97,-0.22,-1.0,-1,1,4
204800,123.99,-0.3,-1.0,-1,1,4
204900,124.02,-0.38,-1.0,-1,1,4
205000,124.05,-0.18,-1.0,-1,1,4
205100,124.08,-0.18,-1.0,-1,1,4
205200,124.11,-0.34,-1.0,-1,1,4
205300,124.14,-0.42,-1.0,-1,1,4
205400,124.16,-0.3,-1.0,-1,1,4
205500,124.19,-0.36,-1.0,-1,1,4
205600,124.21,-0.26,-1.0,-1,1,1
205700,124.24,-0.34,-1.0,-1,1,1
205800,124.28,-0.44,-1.0,-1,1,1
205900,124.31,-0.24,-1.0,-1,1,1
206000,124.33,-0.24,-1.0,-1,1,4
206100,124.35,-0.3,-1.0,-1,1,4
206200,124.38,-0.32,-1.0,-1,1,4
206300,124.41,-0.06,-1.0,-1,1,4
206400,124.44,-0.34,-1.0,-1,1,2
206500,124.47,-0.24,-1.0,-1,1,2
206600,124.51,-0.02,-1.0,-1,1,2
206700,124.53,-0.16,-1.0,-1,1,2
206800,124.56,-0.02,-1.0,-1,1,2
206900,124.59,-0.18,-1.0,-1,1,2
207000,124.62,0.02,1.0,-1,1,2
207100,124.65,-0.08,-1.0,-1,1,2
207200,124.68,-0.36,-1.0,-1,1,2
207300,124.71,0.04,1.0,-1,1,2
207400,124.74,-0.16,-1.0,-1,1,2
207500,124.78,-0.26,-1.0,-1,1,2
207600,124.81,-0.18,-1.0,-1,1,2
207700,124.83,-0.12,-1.0,-1,1,2
207800,124.85,-0.18,-1.0,-1,1,3
207900,124.87,0.0,0.0,-1,1,3
208000,124.9,-0.06,-1.0,-1,1,2
208100,124.93,-0.2,-1.0,-1,1,2
208200,124.96,-0.18,-1.0,-1,1,2
208300,124.98,0.02,1.0,-1,1,2
208400,125.01,-0.2,-1.0,-1,1,2
208500,125.03,-0.3,-1.0,-1,1,2
208600,125.06,-0.16,-1.0,-1,1,2
208700,125.09,-0.34,-1.0,-1,1,2
208800,125.12,-0.26,-1.0,-1,1,4
208900,125.14,-0.12,-1.0,-1,1,2
209000,125.17,-0.38,-1.0,-1,1,4
209100,125.19,-0.14,-1.0,-1,1,2
209200,125.22,-0.22,-1.0,-1,1,2
209300,125.25,-0.12,-1.0,-1,1,2
209400,125.27,-0.34,-1.0,-1,1,2
209500,125.29,-0.2,-1.0,-1,1,4
209600,125.32,-0.22,-1.0,-1,1,4
209700,125.34,-0.2,-1.0,-1,1,4
209800,125.35,-0.04,-1.0,-1,1,4
209900,125.37,-0.22,-1.0,-1,1,4
210000,125.4,-0.16,-1.0,-1,1,4
210100,125.43,-0.34,-1.0,-1,1,4
210200,125.45,-0.12,-1.0,-1,1,4
210300,125.48,-0.24,-1.0,-1,1,4
210400,125.51,-0.1,-1.0,-1,1,2
210500,125.53,-0.4,-1.0,-1,1,2
210600,125.55,-0.16,-1.0,-1,1,2
210700,125.58,-0.46,-1.0,-1,1,2
210800,125.61,-0.24,-1.0,-1,1,2
210900,125.62,-0.42,-1.0,-1,1,2
211000,125.65,-0.28,-1.0,-1,1,1
211100,125.66,-0.26,-1.0,-1,1,1
211200,125.69,-0.22,-1.0,-1,1,1
211300,125.7,-0.4,-1.0,-1,1,4
211400,125.71,-0.34,-1.0,-1,1,4
211500,125.73,-0.08,-1.0,-1,1,2
211600,125.75,-0.52,-1.0,-1,1,2
211700,125.77,-0.16,-1.0,-1,1,1
211800,125.79,-0.5,-1.0,-1,1,1
211900,125.81,-0.28,-1.0,-1,1,2
212000,125.82,-0.16,-1.0,-1,1,1
212100,125.84,-0.34,-1.0,-1,1,2
212200,125.85,-0.42,-1.0,-1,1,2
212300,125.87,-0.14,-1.0,-1,1,2
212400,125.89,-0.24,-1.0,-1,1,2
212500,125.93,-0.28,-1.0,-1,1,2
212600,125.95,-0.08,-1.0,-1,1,2
212700,125.97,-0.22,-1.0,-1,1,2
212800,126.0,-0.26,-1.0,-1,1,2
212900,126.02,-0.24,-1.0,-1,1,2
213000,126.05,-0.26,-1.0,-1,1,2
213100,126.07,-0.02,-1.0,-1,1,2
213200,126.09,-0.2,-1.0,-1,1,2
213300,126.12,-0.24,-1.0,-1,1,2
213400,126.15,-0.28,-1.0,-1,1,2
213500,126.17,-0.08,-1.0,-1,1,4
213600,126.19,-0.12,-1.0,-1,1,2
213700,126.22,-0.1,-1.0,-1,1,4
213800,126.23,-0.16,-1.0,-1,1,4
213900,126.26,-0.26,-1.0,-1,1,2
214000,126.29,-0.08,-1.0,-1,1,4
214100,126.31,-0.06,-1.0,-1,1,4
214200,126.34,-0.46,-1.0,-1,1,4
214300,126.36,-0.16,-1.0,-1,1,4
214400,126.39,-0.28,-1.0,-1,1,4
214500,126.41,-0.18,-1.0,-1,1,2
214600,126.43,-0.28,-1.0,-1,1,2
214700,126.46,-0.2,-1.0,-1,1,2
214800,126.48,-0.2,-1.0,-1,1,4
214900,126.5,-0.38,-1.0,-1,1,4
215000,126.52,-0.18,-1.0,-1,1,2
215100,126.55,-0.12,-1.0,-1,1,2
215200,126.56,-0.12,-1.0,-1,1,4
215300,126.58,-0.28,-1.0,-1,1,0
215400,126.62,-0.12,-1.0,-1,1,0
215500,126.63,-0.2,-1.0,-1,1,2
215600,126.65,-0.22,-1.0,-1,1,4
215700,126.67,-0.16,-1.0,-1,1,4
215800,126.69,-0.18,-1.0,-1,1,0
215900,126.71,-0.18,-1.0,-1,1,0
216000,126.74,-0.3,-1.0,-1,1,0
216100,126.76,-0.24,-1.0,-1,1,2
216200,126.79,-0.36,-1.0,-1,1,4
216300,126.82,-0.22,-1.0,-1,1,4
216400,126.85,-0.02,-1.0,-1,1,0
216500,126.88,-0.3,-1.0,-1,1,0
216600,126.91,-0.34,-1.0,-1,1,4
216700,126.94,-0.34,-1.0,-1,1,0
216800,126.96,-0.28,-1.0,-1,1,4
216900,126.99,-0.32,-1.0,-1,1,0
217000,127.01,-0.28,-1.0,-1,1,4
217100,127.04,-0.2,-1.0,-1,1,0
217200,127.06,-0.42,-1.0,-1,1,4
217300,127.07,-0.22,-1.0,-1,1,4
217400,127.09,-0.28,-1.0,-1,1,4
217500,127.12,-0.24,-1.0,-1,1,4
217600,127.15,-0.38,-1.0,-1,1,4
217700,127.18,-0.12,-1.0,-1,1,4
217800,127.2,-0.24,-1.0,-1,1,4
217900,127.22,-0.18,-1.0,-1,1,4
218000,127.24,-0.22,-1.0,-1,1,4
218100,127.26,-0.28,-1.0,-1,1,4
218200,127.29,-0.26,-1.0,-1,1,4
218300,127.31,-0.16,-1.0,-1,1,4
218400,127.33,-0.26,-1.0,-1,1,4
218500,127.36,-0.34,-1.0,-1,1,4
218600,127.39,-0.4,-1.0,-1,1,4
218700,127.41,-0.26,-1.0,-1,1,4
218800,127.44,-0.24,-1.0,-1,1,4
218900,127.46,-0.4,-1.0,-1,1,4
219000,127.48,-0.12,-1.0,-1,1,4
219100,127.5,-0.3,-1.0,-1,1,4
219200,127.52,-0.38,-1.0,-1,1,4
219300,127.54,-0.18,-1.0,-1,1,2
219400,127.56,-0.24,-1.0,-1,1,4
219500,127.58,-0.24,-1.0,-1,1,4
219600,127.6,-0.22,-1.0,-1,1,4
219700,127.61,-0.32,-1.0,-1,1,4
219800,127.63,-0.32,-1.0,-1,1,1
219900,127.65,-0.26,-1.0,-1,1,4
220000,127.67,-0.04,-1.0,-1,1,4
220100,127.69,-0.36,-1.0,-1,1,4
220200,127.72,-0.58,-1.0,-1,1,1
220300,127.74,-0.2,-1.0,-1,1,1
220400,127.76,-0.26,-1.0,-1,1,4
220500,127.78,-0.32,-1.0,-1,1,4
220600,127.8,-0.1,-1.0,-1,1,4
220700,127.83,-0.32,-1.0,-1,1,4
220800,127.86,-0.18,-1.0,-1,1,4
220900,127.88,-0.26,-1.0,-1,1,2
221000,127.9,-0.34,-1.0,-1,1,2
221100,127.92,-0.34,-1.0,-1,1,2
221200,127.94,-0.28,-1.0,-1,1,2
221300,127.96,-0.22,-1.0,-1,1,2
221400,127.98,-0.32,-1.0,-1,1,2
221500,128.0,-0.18,-1.0,-1,1,2
221600,128.02,-0.24,-1.0,-1,1,1
221700,128.03,-0.02,-1.0,-1,1,2
221800,128.05,-0.12,-1.0,-1,1,1
221900,128.08,-0.46,-1.0,-1,1,1
222000,128.09,-0.22,-1.0,-1,1,1
222100,128.11,-0.32,-1.0,-1,1,1
222200,128.13,-0.38,-1.0,-1,1,1
222300,128.15,-0.3,-1.0,-1,1,1
222400,128.17,-0.32,-1.0,-1,1,1
222500,128.18,-0.34,-1.0,-1,1,1
222600,128.2,-0.28,-1.0,-1,1,1
222700,128.22,-0.22,-1.0,-1,1,4
222800,128.25,-0.2,-1.0,-1,1,4
222900,128.28,-0.22,-1.0,-1,1,0
223000,128.3,-0.18,-1.0,-1,1,0
223100,128.33,-0.12,-1.0,-1,1,0
223200,128.35,-0.24,-1.0,-1,1,0
223300,128.37,-0.24,-1.0,-1,1,3
223400,128.4,-0.28,-1.0,-1,1,3
223500,128.43,-0.44,-1.0,-1,1,3
223600,128.46,-0.32,-1.0,-1,1,2
223700,128.48,-0.1,-1.0,-1,1,2
223800,128.51,-0.22,-1.0,-1,1,2
223900,128.53,-0.06,-1.0,-1,1,2
224000,128.55,-0.1,-1.0,-1,1,2
224100,128.58,-0.24,-1.0,-1,1,1
224200,128.6,-0.3,-1.0,-1,1,1
224300,128.61,-0.22,-1.0,-1,1,0
224400,128.64,-0.36,-1.0,-1,1,2
224500,128.65,-0.14,-1.0,-1,1,2
224600,128.67,-0.16,-1.0,-1,1,2
224700,128.7,-0.14,-1.0,-1,1,3
224800,128.73,-0.26,-1.0,-1,1,3
224900,128.75,-0.16,-1.0,-1,1,3
225000,128.78,-0.26,-1.0,-1,1,3
225100,128.79,-0.16,-1.0,-1,1,3
225200,128.8,-0.18,-1.0,-1,1,1
225300,128.81,-0.26,-1.0,-1,1,1
225400,128.83,-0.12,-1.0,-1,1,1
225500,128.85,-0.16,-1.0,-1,1,4
225600,128.87,-0.38,-1.0,-1,1,1
225700,128.9,-0.28,-1.0,-1,1,1
225800,128.91,-0.36,-1.0,-1,1,1
225900,128.94,-0.18,-1.0,-1,1,1
226000,128.97,-0.04,-1.0,-1,1,1
226100,128.99,-0.06,-1.0,-1,1,1
226200,129.01,-0.2,-1.0,-1,1,1
226300,129.03,-0.1,-1.0,-1,1,1
226400,129.07,-0.02,-1.0,-1,1,1
226500,129.11,-0.24,-1.0,-1,1,1
226600,129.14,-0.2,-1.0,-1,1,1
226700,129.16,-0.04,-1.0,-1,1,2
226800,129.17,-0.18,-1.0,-1,1,1
226900,129.2,-0.24,-1.0,-1,1,2
227000,129.22,-0.22,-1.0,-1,1,2
227100,129.24,-0.18,-1.0,-1,1,2
227200,129.27,-0.1,-1.0,-1,1,2
227300,129.29,-0.1,-1.0,-1,1,2
227400,129.31,-0.24,-1.0,-1,1,1
227500,129.32,-0.18,-1.0,-1,1,1
227600,129.35,-0.28,-1.0,-1,1,2
227700,129.37,-0.16,-1.0,-1,1,2
227800,129.39,-0.2,-1.0,-1,1,4
227900,129.41,-0.1,-1.0,-1,1,2
228000,129.44,-0.12,-1.0,-1,1,4
228100,129.46,-0.14,-1.0,-1,1,4
228200,129.48,-0.14,-1.0,-1,1,0
228300,129.5,-0.14,-1.0,-1,1,1
228400,129.52,-0.2,-1.0,-1,1,1
228500,129.54,-0.1,-1.0,-1,1,1
228600,129.55,-0.12,-1.0,-1,1,4
228700,129.58,-0.22,-1.0,-1,1,4
228800,129.61,-0.18,-1.0,-1,1,4
228900,129.63,-0.18,-1.0,-1,1,2
229000,129.66,-0.1,-1.0,-1,1,4
229100,129.68,-0.14,-1.0,-1,1,4
229200,129.7,0.0,0.0,-1,1,4
229300,129.73,-0.16,-1.0,-1,1,2
229400,129.76,-0.34,-1.0,-1,1,2
229500,129.79,-0.28,-1.0,-1,1,2
229600,129.82,-0.1,-1.0,-1,1,4
229700,129.84,-0.18,-1.0,-1,1,4
229800,129.86,-0.04,-1.0,-1,1,4
229900,129.88,-0.22,-1.0,-1,1,1
230000,129.9,-0.04,-1.0,-1,1,4
230100,129.92,0.02,1.0,-1,1,4
230200,129.95,-0.16,-1.0,-1,1,4
230300,129.98,-0.1,-1.0,-1,1,4
230400,130.0,-0.2,-1.0,-1,1,4
230500,130.02,-0.22,-1.0,-1,1,4
230600,130.05,-0.12,-1.0,-1,1,4
230700,130.08,0.0,0.0,-1,1,4
230800,130.1,-0.06,-1.0,-1,1,4
230900,130.12,-0.22,-1.0,-1,1,4
231000,130.15,-0.1,-1.0,-1,1,4
231100,130.17,-0.2,-1.0,-1,1,4
231200,130.19,-0.22,-1.0,-1,1,4
231300,130.21,-0.1,-1.0,-1,1,4
231400,130.24,-0.2,-1.0,-1,1,1
231500,130.25,-0.22,-1.0,-1,1,1
231600,130.27,-0.32,-1.0,-1,1,1
231700,130.3,-0.28,-1.0,-1,1,4
231800,130.32,-0.06,-1.0,-1,1,4
231900,130.34,-0.26,-1.0,-1,1,4
232000,130.36,-0.22,-1.0,-1,1,4
232100,130.38,-0.44,-1.0,-1,1,4
232200,130.41,-0.14,-1.0,-1,1,4
232300,130.43,-0.36,-1.0,-1,1,4
232400,130.45,-0.26,-1.0,-1,1,4
232500,130.47,0.02,1.0,-1,1,4
232600,130.48,-0.16,-1.0,-1,1,4
232700,130.51,-0.26,-1.0,-1,1,4
232800,130.53,-0.18,-1.0,-1,1,4
232900,130.55,-0.2,-1.0,-1,1,4
233000,130.59,-0.26,-1.0,-1,1,4
233100,130.62,-0.14,-1.0,-1,1,4
233200,130.63,-0.34,-1.0,-1,1,4
233300,130.66,-0.14,-1.0,-1,1,4
233400,130.68,-0.16,-1.0,-1,1,4
233500,130.7,-0.22,-1.0,-1,1,4
233600,130.72,-0.26,-1.0,-1,1,4
233700,130.75,0.1,1.0,-1,1,4
233800,130.77,-0.2,-1.0,-1,1,4
233900,130.79,-0.2,-1.0,-1,1,4
234000,130.8,-0.2,-1.0,-1,1,4
234100,130.82,-0.28,-1.0,-1,1,4
234200,130.84,-0.26,-1.0,-1,1,4
234300,130.87,-0.04,-1.0,-1,1,4
234400,130.89,-0.28,-1.0,-1,1,4
234500,130.91,-0.2,-1.0,-1,1,4
234600,130.93,-0.2,-1.0,-1,1,4
234700,130.95,-0.12,-1.0,-1,1,4
234800,130.97,-0.12,-1.0,-1,1,4
234900,130.98,-0.16,-1.0,-1,1,4
235000,130.99,-0.38,-1.0,-1,1,0
235100,131.01,-0.22,-1.0,-1,1,4
235200,131.03,-0.18,-1.0,-1,1,4
235300,131.05,-0.06,-1.0,-1,1,0
235400,131.08,-0.16,-1.0,-1,1,0
235500,131.09,-0.22,-1.0,-1,1,0
235600,131.12,-0.24,-1.0,-1,1,3
235700,131.14,-0.14,-1.0,-1,1,0
235800,131.16,-0.18,-1.0,-1,1,0
235900,131.18,-0.24,-1.0,-1,1,0
236000,131.2,-0.1,-1.0,-1,1,0
236100,131.22,-0.18,-1.0,-1,1,0
236200,131.24,-0.1,-1.0,-1,1,1
236300,131.25,-0.02,-1.0,-1,1,1
236400,131.28,-0.14,-1.0,-1,1,1
236500,131.31,-0.08,-1.0,-1,1,1
236600,131.33,0.02,1.0,-1,1,1
236700,131.35,-0.3,-1.0,-1,1,1
236800,131.37,-0.2,-1.0,-1,1,1
236900,131.39,-0.28,-1.0,-1,1,1
237000,131.41,-0.1,-1.0,-1,1,1
237100,131.43,0.08,1.0,-1,1,1
237200,131.46,-0.16,-1.0,-1,1,2
237300,131.48,-0.34,-1.0,-1,1,0
237400,131.5,-0.1,-1.0,-1,1,0
237500,131.51,-0.26,-1.0,-1,1,0
237600,131.54,-0.24,-1.0,-1,1,0
237700,131.56,-0.24,-1.0,-1,1,2
237800,131.58,-0.18,-1.0,-1,1,4
237900,131.59,-0.08,-1.0,-1,1,4
238000,131.61,0.02,1.0,-1,1,0
238100,131.63,-0.12,-1.0,-1,1,0
238200,131.65,-0.16,-1.0,-1,1,0
238300,131.67,-0.12,-1.0,-1,1,0
238400,131.69,-0.24,-1.0,-1,1,0
238500,131.71,0.04,1.0,-1,1,0
238600,131.74,-0.1,-1.0,-1,1,0
238700,131.77,-0.3,-1.0,-1,1,0
238800,131.79,-0.14,-1.0,-1,1,0
238900,131.81,0.02,1.0,-1,1,0
239000,131.83,-0.18,-1.0,-1,1,0
239100,131.85,-0.24,-1.0,-1,1,0
239200,131.87,-0.1,-1.0,-1,1,0
239300,131.89,-0.12,-1.0,-1,1,0
239400,131.92,-0.24,-1.0,-1,1,0
239500,131.94,-0.2,-1.0,-1,1,3
239600,131.97,-0.2,-1.0,-1,1,3
239700,131.99,-0.1,-1.0,-1,1,2
239800,132.0,-0.2,-1.0,-1,1,3
239900,132.02,-0.16,-1.0,-1,1,3
240000,132.04,0.04,1.0,-1,1,2
240100,132.05,-0.22,-1.0,-1,1,2
240200,132.08,-0.14,-1.0,-1,1,2
240300,132.1,-0.28,-1.0,-1,1,2
240400,132.11,-0.04,-1.0,-1,1,3
240500,132.12,-0.42,-1.0,-1,1,2
240600,132.14,-0.36,-1.0,-1,1,1
240700,132.16,-0.06,-1.0,-1,1,2
240800,132.18,-0.06,-1.0,-1,1,1
240900,132.19,-0.04,-1.0,-1,1,2
241000,132.22,-0.36,-1.0,-1,1,2
241100,132.23,-0.22,-1.0,-1,1,2
241200,132.25,-0.34,-1.0,-1,1,2
241300,132.27,-0.3,-1.0,-1,1,1
241400,132.29,-0.26,-1.0,-1,1,1
241500,132.31,-0.04,-1.0,-1,1,1
241600,132.33,-0.32,-1.0,-1,1,1
241700,132.35,-0.12,-1.0,-1,1,1
241800,132.37,-0.3,-1.0,-1,1,4
